title,type,platform,primary_genre,release_year,imdb_rating,duration_minutes,country
스파이더맨,Movie,Netflix,Action,2002,7.3,121.0,United States
보헤미안 랩소디,Movie,Netflix,Music,2018,8.0,135.0,United States
쉰들러 리스트,Movie,Netflix,Drama,1993,8.6,195.0,United States
스파이더맨: 뉴 유니버스,Movie,Netflix,Animation,2018,8.4,117.0,United States
루시,Movie,Netflix,Action,2014,6.5,89.0,France
스파이더맨 2,Movie,Netflix,Action,2004,7.3,127.0,United States
스파이더맨 3,Movie,Netflix,Action,2007,6.5,139.0,United States
핵소 고지,Movie,Netflix,Drama,2016,8.2,139.0,Australia
쥬만지: 새로운 세계,Movie,Netflix,Adventure,2017,6.8,119.0,United States
엑스 마키나,Movie,Netflix,Drama,2015,7.6,108.0,United Kingdom
패신저스,Movie,Netflix,Drama,2016,7.0,116.0,United States
1917,Movie,Netflix,War,2019,8.0,119.0,United States
좀비랜드,Movie,Netflix,Comedy,2009,7.3,87.0,United States
그린 북,Movie,Netflix,Drama,2018,8.2,130.0,United States
위대한 레보스키,Movie,Netflix,Comedy,1998,7.8,117.0,United Kingdom
제5원소,Movie,Netflix,Science Fiction,1997,7.6,126.0,France
마다가스카,Movie,Netflix,Adventure,2005,6.9,86.0,United States
"안녕, 헤이즐",Movie,Netflix,Romance,2014,7.6,126.0,United States
쥬만지,Movie,Netflix,Adventure,1995,7.2,104.0,United States
사랑에 대한 모든 것,Movie,Netflix,Drama,2014,7.8,123.0,United Kingdom
버드 박스,Movie,Netflix,Horror,2018,6.8,124.0,United States
쏘우,Movie,Netflix,Horror,2004,7.4,103.0,United States
365 Days,Movie,Netflix,Romance,2020,7.0,114.0,Poland
돈 룩 업,Movie,Netflix,Comedy,2021,7.1,138.0,United States
귀여운 여인,Movie,Netflix,Romance,1990,7.4,120.0,United States
내가 사랑했던 모든 남자들에게,Movie,Netflix,Comedy,2018,7.6,100.0,United States
애프터,Movie,Netflix,Drama,2019,7.1,106.0,United States
마이펫의 이중생활,Movie,Netflix,Animation,2016,6.3,86.0,United States
씽,Movie,Netflix,Animation,2016,7.1,108.0,United States
익스펜더블,Movie,Netflix,Thriller,2010,6.3,103.0,United States
픽셀,Movie,Netflix,Action,2015,5.8,106.0,China
맨 인 더 다크,Movie,Netflix,Horror,2016,7.0,89.0,United States
크리드,Movie,Netflix,Drama,2015,7.4,133.0,United States
미스 리틀 선샤인,Movie,Netflix,Comedy,2006,7.7,102.0,United States
The Platform Master,Movie,Netflix,Drama,2019,7.0,95.0,Spain
아메리칸 허슬,Movie,Netflix,Drama,2013,6.9,138.0,United States
슈퍼배드 3,Movie,Netflix,Action,2017,6.5,90.0,United States
클릭,Movie,Netflix,Comedy,2006,6.3,107.0,United States
프로포즈,Movie,Netflix,Comedy,2009,7.2,108.0,United States
아이리시맨,Movie,Netflix,Crime,2019,7.6,209.0,United States
키싱 부스,Movie,Netflix,Romance,2018,7.2,105.0,United Kingdom
마다가스카 2,Movie,Netflix,Adventure,2008,6.5,89.0,United States
헬보이,Movie,Netflix,Fantasy,2004,6.7,122.0,United States
결혼 이야기,Movie,Netflix,Drama,2019,7.7,137.0,United Kingdom
콰이어트 플레이스 2,Movie,Netflix,Science Fiction,2021,7.4,96.0,United States
워크래프트: 전쟁의 서막,Movie,Netflix,Action,2016,6.4,123.0,United States
익스펜더블 2,Movie,Netflix,Action,2012,6.4,103.0,United States
아델라인: 멈춰진 시간,Movie,Netflix,Romance,2015,7.5,112.0,United States
쥬라기 월드: 도미니언,Movie,Netflix,Adventure,2022,6.6,147.0,United States
라이언,Movie,Netflix,Drama,2016,8.0,118.0,Australia
나이브스 아웃: 글래스 어니언,Movie,Netflix,Comedy,2022,7.0,140.0,United States
익스트랙션,Movie,Netflix,Action,2020,7.3,116.0,United States
젠틀맨,Movie,Netflix,Action,2020,7.7,113.0,United Kingdom
마다가스카 3: 이번엔 서커스다!,Movie,Netflix,Animation,2012,6.6,93.0,United States
에놀라 홈즈,Movie,Netflix,Adventure,2020,7.2,123.0,United States
베스트 키드,Movie,Netflix,Action,2010,6.6,140.0,China
드라큘라: 전설의 시작,Movie,Netflix,Horror,2014,6.5,92.0,United States
레드 노티스,Movie,Netflix,Action,2021,6.7,118.0,United States
월요일이 사라졌다,Movie,Netflix,Science Fiction,2017,7.1,123.0,Belgium
미트 페어런츠,Movie,Netflix,Comedy,2000,6.7,108.0,United States
인사이드 맨,Movie,Netflix,Crime,2006,7.4,129.0,United States
좀비랜드: 더블 탭,Movie,Netflix,Horror,2019,6.9,99.0,United States
Mr. 히치: 당신을 위한 데이트 코치,Movie,Netflix,Comedy,2005,6.6,118.0,United States
몬스터 호텔 2,Movie,Netflix,Animation,2015,6.8,89.0,United States
마이 프리텐드 와이프,Movie,Netflix,Comedy,2011,6.7,117.0,United States
아메리칸 갱스터,Movie,Netflix,Drama,2007,7.6,157.0,United States
걸 온 더 트레인,Movie,Netflix,Crime,2016,6.4,112.0,India
보랏 - 카자흐스탄 킹카의 미국 문화 빨아들이기,Movie,Netflix,Comedy,2006,6.8,84.0,United Kingdom
브라이트,Movie,Netflix,Fantasy,2017,6.2,117.0,United States
수퍼 소닉 2,Movie,Netflix,Action,2022,7.4,123.0,Japan
쏘우 2,Movie,Netflix,Horror,2005,6.6,93.0,United States
블랙폰,Movie,Netflix,Horror,2022,7.5,103.0,United States
크리드 2,Movie,Netflix,Drama,2018,7.0,130.0,United States
윈드 리버,Movie,Netflix,Crime,2017,7.4,107.0,France
논스톱,Movie,Netflix,Action,2014,6.8,107.0,France
브레이킹 배드 무비: 엘 카미노,Movie,Netflix,Crime,2019,7.0,123.0,United States
완벽한 그녀에게 딱 한가지 없는 것,Movie,Netflix,Comedy,2004,6.8,98.0,United States
보이후드,Movie,Netflix,Drama,2014,7.5,165.0,United States
스타쉽 트루퍼스,Movie,Netflix,Adventure,1997,7.1,129.0,United States
애프터: 그 후,Movie,Netflix,Drama,2020,7.2,105.0,United States
파운더,Movie,Netflix,Drama,2016,7.1,115.0,Greece
메리에겐 뭔가 특별한 것이 있다,Movie,Netflix,Romance,1998,6.6,120.0,United States
익스펜더블 3,Movie,Netflix,Action,2014,6.2,126.0,United States
일루셔니스트,Movie,Netflix,Fantasy,2006,7.3,110.0,United States
꿀벌 대소동,Movie,Netflix,Family,2007,6.0,91.0,United States
번 애프터 리딩,Movie,Netflix,Comedy,2008,6.7,96.0,United States
에베레스트,Movie,Netflix,Adventure,2015,6.8,121.0,Iceland
6 언더그라운드,Movie,Netflix,Action,2019,6.3,128.0,United States
미트 페어런츠 2,Movie,Netflix,Comedy,2004,6.3,115.0,United States
키싱 부스 2,Movie,Netflix,Comedy,2020,7.6,132.0,United Kingdom
미션 임파서블: 데드 레코닝 PART ONE,Movie,Netflix,Action,2023,7.5,164.0,United States
노스맨,Movie,Netflix,Action,2022,7.0,137.0,United States
업그레이드,Movie,Netflix,Action,2018,7.5,100.0,Australia
애덤 프로젝트,Movie,Netflix,Adventure,2022,7.0,104.0,United States
쏘우 3,Movie,Netflix,Horror,2006,6.4,108.0,United States
딥워터 호라이즌,Movie,Netflix,Drama,2016,6.9,107.0,United States
놉,Movie,Netflix,Horror,2022,6.8,130.0,United States
"가장 따뜻한 색, 블루",Movie,Netflix,Romance,2013,7.1,180.0,Belgium
올드 가드,Movie,Netflix,Action,2020,7.1,125.0,United States
마틸다,Movie,Netflix,Comedy,1996,7.2,98.0,United States
에이리언 2020,Movie,Netflix,Thriller,2000,6.9,108.0,United States
머더 미스터리,Movie,Netflix,Comedy,2019,6.3,97.0,United States
스쿠비 두,Movie,Netflix,Mystery,2002,6.1,87.0,United States
어톤먼트,Movie,Netflix,Drama,2007,7.6,123.0,France
몬스터 호텔 3,Movie,Netflix,Animation,2018,6.9,97.0,United States
서부 전선 이상 없다: 메이킹,Movie,Netflix,War,2022,7.7,147.0,Germany
클라우스,Movie,Netflix,Animation,2019,8.2,97.0,Spain
폴: 600미터,Movie,Netflix,Thriller,2022,7.1,107.0,United States
용감한 자가 신부를 데려가리,Movie,Netflix,Comedy,1995,8.5,190.0,India
옥자,Movie,Netflix,Adventure,2017,7.3,120.0,South Korea
리딕: 헬리온 최후의 빛,Movie,Netflix,Action,2004,6.6,119.0,United States
마다가스카의 펭귄,Movie,Netflix,Family,2014,6.5,92.0,United States
카우보이의 노래,Movie,Netflix,Western,2018,7.1,132.0,United States
아미 오브 더 데드,Movie,Netflix,Crime,2021,6.2,148.0,United States
리딕,Movie,Netflix,Science Fiction,2013,6.3,119.0,Canada
밀리언 웨이즈,Movie,Netflix,Comedy,2014,6.1,116.0,United States
언브로큰,Movie,Netflix,Drama,2014,7.4,137.0,United States
R.I.P.D.: 알.아이.피.디.,Movie,Netflix,Fantasy,2013,5.9,96.0,United States
죽여줘! 제니퍼,Movie,Netflix,Horror,2009,6.0,107.0,United States
서치,Movie,Netflix,Drama,2018,7.6,102.0,United States
베놈: 라스트 댄스,Movie,Netflix,Science Fiction,2024,6.7,109.0,United States
그레이 맨,Movie,Netflix,Action,2022,6.9,128.0,United States
홈,Movie,Netflix,Fantasy,2015,6.8,94.0,United States
로마,Movie,Netflix,Drama,2018,7.6,135.0,United Kingdom
데스노트,Movie,Netflix,Crime,2017,4.3,101.0,United States
쏘우 4,Movie,Netflix,Horror,2007,6.2,93.0,United States
황금의 도시 엘도라도,Movie,Netflix,Family,2000,7.3,90.0,United States
워터월드,Movie,Netflix,Adventure,1995,6.2,135.0,United States
미니언즈 2,Movie,Netflix,Comedy,2022,7.3,87.0,United States
로스트 시티,Movie,Netflix,Action,2022,6.5,112.0,United States
구스범스,Movie,Netflix,Adventure,2015,6.3,103.0,United States
직쏘,Movie,Netflix,Horror,2017,6.2,91.0,United States
제럴드의 게임,Movie,Netflix,Horror,2017,6.4,104.0,United States
사탄의 베이비시터,Movie,Netflix,Comedy,2017,6.2,85.0,United States
크리에이터,Movie,Netflix,Science Fiction,2023,7.0,134.0,Canada
엔젤 해즈 폴른,Movie,Netflix,Action,2019,6.6,122.0,United States
스크림,Movie,Netflix,Horror,2022,6.7,114.0,United States
라스트 위치 헌터,Movie,Netflix,Action,2015,6.0,106.0,Canada
언더 더 스킨,Movie,Netflix,Thriller,2014,6.1,108.0,United Kingdom
쏘우 5,Movie,Netflix,Horror,2008,6.2,95.0,United States
록키 발보아,Movie,Netflix,Drama,2006,6.9,102.0,United States
바빌론,Movie,Netflix,Drama,2022,7.4,189.0,United States
어나더 라운드,Movie,Netflix,Comedy,2020,7.6,117.0,Denmark
악마는 사라지지 않는다,Movie,Netflix,Crime,2020,7.2,138.0,United States
아메리칸 셰프,Movie,Netflix,Comedy,2014,7.1,114.0,United States
투 더 본,Movie,Netflix,Drama,2017,7.2,107.0,United States
라이온 킹,Movie,Netflix,Drama,2019,7.2,140.0,Australia
클로버필드 패러독스,Movie,Netflix,Horror,2018,5.6,102.0,United States
나는 악마를 사랑했다,Movie,Netflix,Drama,2019,7.0,111.0,United States
트리플 프런티어,Movie,Netflix,Action,2019,6.3,125.0,United States
내 인생을 훔친 사랑스러운 도둑녀,Movie,Netflix,Comedy,2013,5.9,111.0,United States
쏘우: 여섯 번의 기회,Movie,Netflix,Horror,2009,6.3,90.0,United States
안데스 설원의 생존자들,Movie,Netflix,Drama,2023,8.0,143.0,Spain
프랑켄슈타인,Movie,Netflix,Drama,2025,7.6,150.0,United States
록키 5,Movie,Netflix,Drama,1990,5.8,104.0,United States
시에라 연애 대작전,Movie,Netflix,Comedy,2018,6.3,105.0,United States
미트 페어런츠 3,Movie,Netflix,Comedy,2010,5.7,98.0,United States
리추얼: 숲속에 있다,Movie,Netflix,Horror,2017,6.3,94.0,Canada
덤 앤 더머 투,Movie,Netflix,Comedy,2014,5.6,110.0,United States
27번의 결혼리허설,Movie,Netflix,Comedy,2008,6.5,111.0,United States
크리미널 스쿼드,Movie,Netflix,Crime,2018,6.9,140.0,United States
쥬라기 월드: 새로운 시작,Movie,Netflix,Science Fiction,2025,6.3,134.0,United States
폼페이: 최후의 날,Movie,Netflix,Action,2014,5.6,105.0,Germany
미첼 가족과 기계 전쟁,Movie,Netflix,Animation,2021,7.8,114.0,Hong Kong
트라이얼 오브 더 시카고 7,Movie,Netflix,Drama,2020,7.7,130.0,United States
스루 마이 윈도,Movie,Netflix,Romance,2022,7.4,112.0,Spain
기예르모 델토로의 피노키오,Movie,Netflix,Animation,2022,8.0,117.0,United States
퍼펙트 데이트,Movie,Netflix,Romance,2019,6.4,90.0,United States
사이드 이펙트,Movie,Netflix,Thriller,2013,6.6,106.0,United States
추락의 해부,Movie,Netflix,Thriller,2023,7.5,151.0,France
쏘우 3D,Movie,Netflix,Horror,2010,6.0,90.0,United States
리브 더 월드 비하인드,Movie,Netflix,Drama,2023,6.4,140.0,United States
밤쉘: 세상을 바꾼 폭탄선언,Movie,Netflix,Drama,2019,6.8,109.0,Canada
고질라 마이너스 원,Movie,Netflix,Science Fiction,2023,7.6,125.0,Japan
타워 하이스트,Movie,Netflix,Action,2011,6.1,104.0,United States
두 교황,Movie,Netflix,Drama,2019,7.5,125.0,United States
블링 링,Movie,Netflix,Drama,2013,5.4,90.0,United States
데스페라도,Movie,Netflix,Thriller,1995,6.9,104.0,United States
더 길티,Movie,Netflix,Drama,2021,6.4,89.0,United States
프로젝트 파워,Movie,Netflix,Action,2020,6.4,113.0,United States
트루 로맨스,Movie,Netflix,Action,1993,7.5,121.0,United States
고잉 인 스타일,Movie,Netflix,Crime,2017,6.7,96.0,United States
폴리와 함께,Movie,Netflix,Comedy,2004,6.0,90.0,United States
"눈부신 세상 끝에서, 너와 나",Movie,Netflix,Romance,2020,7.6,108.0,United States
퍼펙트 케어,Movie,Netflix,Crime,2021,6.6,119.0,United Kingdom
에놀라 홈즈 2,Movie,Netflix,Adventure,2022,7.4,129.0,United States
파워 오브 도그,Movie,Netflix,Drama,2021,6.7,127.0,Australia
그린 룸,Movie,Netflix,Horror,2016,6.7,95.0,United States
로크,Movie,Netflix,Drama,2014,6.9,85.0,United Kingdom
1922,Movie,Netflix,Horror,2017,5.9,102.0,United States
스쿠비 두 2: 몬스터 대소동,Movie,Netflix,Mystery,2004,6.1,93.0,United States
익스트랙션 2,Movie,Netflix,Action,2023,7.4,122.0,United States
프랙처드,Movie,Netflix,Thriller,2019,6.8,99.0,United States
내 남자친구의 결혼식,Movie,Netflix,Comedy,1997,6.6,105.0,United States
슬픔의 삼각형,Movie,Netflix,Comedy,2022,7.0,147.0,Denmark
퍼플 하트,Movie,Netflix,Romance,2022,8.0,122.0,United Kingdom
크리드 3,Movie,Netflix,Drama,2023,7.1,116.0,United States
콜롬비아나,Movie,Netflix,Action,2011,6.6,108.0,France
리젼,Movie,Netflix,Action,2010,5.9,100.0,United States
데드 돈 다이,Movie,Netflix,Comedy,2019,5.4,104.0,United States
드래곤 길들이기,Movie,Netflix,Fantasy,2025,7.9,125.0,United States
케이팝 데몬 헌터스,Movie,Netflix,Fantasy,2025,8.0,96.0,United States
나의 마더,Movie,Netflix,Science Fiction,2019,6.7,113.0,Australia
허슬,Movie,Netflix,Drama,2022,7.7,117.0,United States
더 킬러,Movie,Netflix,Crime,2023,6.6,118.0,United States
상사에 대처하는 로맨틱한 자세,Movie,Netflix,Romance,2018,6.9,105.0,United States
유치원에 간 사나이,Movie,Netflix,Comedy,1990,6.1,111.0,United States
댐즐,Movie,Netflix,Fantasy,2024,7.0,107.0,Spain
위자,Movie,Netflix,Horror,2014,5.1,89.0,United States
캐리온,Movie,Netflix,Thriller,2024,6.9,120.0,United States
케이-팩스,Movie,Netflix,Science Fiction,2001,7.2,120.0,Germany
애프터: 관계의 함정,Movie,Netflix,Drama,2021,7.0,99.0,France
나를 미치게 하는 여자,Movie,Netflix,Comedy,2015,5.8,125.0,United States
게임 체인저,Movie,Netflix,Drama,2015,7.1,123.0,United States
내가 사랑했던 모든 남자들에게: P.S. 여전히 널 사랑해,Movie,Netflix,Romance,2020,6.8,102.0,United States
피어 스트리트 파트 1: 1994,Movie,Netflix,Horror,2021,6.7,108.0,United States
먹고 기도하고 사랑하라,Movie,Netflix,Drama,2010,6.2,133.0,United States
위자: 저주의 시작,Movie,Netflix,Horror,2016,6.2,99.0,United States
잡스,Movie,Netflix,Drama,2013,6.1,129.0,Switzerland
모글리: 정글의 전설,Movie,Netflix,Adventure,2018,6.5,105.0,United Kingdom
28년 후,Movie,Netflix,Horror,2025,6.6,115.0,United Kingdom
Rebel Moon — 파트 1: 불의 아이,Movie,Netflix,Science Fiction,2023,6.2,134.0,United States
배드 가이즈,Movie,Netflix,Action,2022,7.5,100.0,United States
스펜서 컨피덴셜,Movie,Netflix,Comedy,2020,6.5,110.0,United States
나이브스 아웃: 웨이크 업 데드 맨,Movie,Netflix,Thriller,2025,7.2,145.0,United States
폴라,Movie,Netflix,Action,2019,6.4,118.0,Germany
앰뷸런스,Movie,Netflix,Thriller,2022,6.6,136.0,United States
세이프 헤이븐,Movie,Netflix,Romance,2013,7.2,115.0,United States
신데렐라 맨,Movie,Netflix,Romance,2005,7.6,144.0,United States
높은 풀 속에서,Movie,Netflix,Horror,2019,5.5,101.0,Canada
나루토 질풍전 극장판 7기: 더 라스트,Movie,Netflix,Action,2014,7.5,114.0,Japan
크리스마스 연대기,Movie,Netflix,Comedy,2018,7.2,104.0,United States
쏘우 X,Movie,Netflix,Horror,2023,7.2,118.0,United States
홀리데이트,Movie,Netflix,Comedy,2020,7.0,104.0,United States
우리 처음 만났을 때,Movie,Netflix,Comedy,2018,6.6,97.0,United States
크레이븐 더 헌터,Movie,Netflix,Action,2024,6.4,127.0,United States
보살핌의 정석,Movie,Netflix,Comedy,2016,7.3,97.0,United States
카운트다운,Movie,Netflix,Horror,2019,6.2,90.0,United States
벽 속에 숨은 마법시계,Movie,Netflix,Comedy,2018,6.2,105.0,India
"틱, 틱... 붐!",Movie,Netflix,Drama,2021,7.6,120.0,United States
파괴자들,Movie,Netflix,Crime,2012,6.4,131.0,United States
마이 걸,Movie,Netflix,Comedy,1991,7.4,103.0,United States
콜로설,Movie,Netflix,Drama,2017,6.3,109.0,Canada
아미 오브 더 데드: 도둑들,Movie,Netflix,Action,2021,6.8,128.0,Germany
크리스마스 스위치,Movie,Netflix,Romance,2018,7.0,101.0,United States
스파이럴,Movie,Netflix,Horror,2021,5.9,93.0,United States
트리플 9,Movie,Netflix,Action,2016,6.0,115.0,United States
오두막,Movie,Netflix,Drama,2017,7.5,132.0,Canada
하이웨이맨,Movie,Netflix,Crime,2019,6.8,133.0,United States
피어 스트리트 파트 2: 1978,Movie,Netflix,Horror,2021,7.2,111.0,United States
그린 나이트,Movie,Netflix,Adventure,2021,6.6,130.0,Canada
데이 시프트,Movie,Netflix,Action,2022,6.7,114.0,United States
이제 그만 끝낼까 해,Movie,Netflix,Mystery,2020,6.5,135.0,United States
페일 블루 아이,Movie,Netflix,Thriller,2022,6.8,128.0,United States
코드 8,Movie,Netflix,Science Fiction,2019,6.3,99.0,Canada
런어웨이 브라이드,Movie,Netflix,Comedy,1999,6.1,116.0,United States
알로하,Movie,Netflix,Drama,2015,5.5,105.0,United States
21 브릿지: 테러 셧다운,Movie,Netflix,Crime,2019,6.8,100.0,United States
내가 잠들기 전에,Movie,Netflix,Thriller,2014,6.5,92.0,France
우먼 인 윈도,Movie,Netflix,Crime,2021,6.0,100.0,United States
아이 필 프리티,Movie,Netflix,Comedy,2018,6.4,110.0,China
트릭 오어 트릿,Movie,Netflix,Horror,2007,7.0,82.0,United States
내가 사랑했던 모든 남자들에게: 언제나 그리고 영원히,Movie,Netflix,Romance,2021,7.5,114.0,United States
언포기버블,Movie,Netflix,Drama,2021,7.4,112.0,Germany
Alive,Movie,Netflix,Action,2020,7.2,98.0,South Korea
종말의 끝,Movie,Netflix,Science Fiction,2018,5.3,113.0,Canada
트롤의 습격,Movie,Netflix,Fantasy,2022,6.6,104.0,Norway
키싱 부스 3,Movie,Netflix,Romance,2021,6.9,112.0,United Kingdom
할로윈 엔드,Movie,Netflix,Horror,2022,6.0,111.0,United States
미드나이트 스카이,Movie,Netflix,Science Fiction,2020,5.7,118.0,United States
벨벳 버즈소,Movie,Netflix,Thriller,2019,5.4,112.0,United States
피어 스트리트 파트 3: 1666,Movie,Netflix,Mystery,2021,7.1,115.0,United States
고스트 워,Movie,Netflix,Science Fiction,2016,6.5,109.0,Hungary
익스팅션: 종의 구원자,Movie,Netflix,Action,2018,6.0,96.0,United States
미라지,Movie,Netflix,Thriller,2018,7.5,129.0,Spain
발레리나,Movie,Netflix,Animation,2016,7.2,89.0,Canada
와일드 씽,Movie,Netflix,Mystery,1998,6.4,108.0,United States
썸니아,Movie,Netflix,Drama,2016,6.5,97.0,United States
머더 미스터리 2,Movie,Netflix,Comedy,2023,6.4,91.0,United States
에밀리아 페레즈,Movie,Netflix,Drama,2024,6.5,132.0,Belgium
톨 걸,Movie,Netflix,Comedy,2019,6.3,101.0,United States
부고니아,Movie,Netflix,Science Fiction,2025,7.3,119.0,Ireland
우리가 끝이야,Movie,Netflix,Drama,2024,7.0,131.0,United States
아웃사이드 더 와이어,Movie,Netflix,Thriller,2021,6.4,116.0,United States
아이스 로드,Movie,Netflix,Action,2021,6.8,108.0,Canada
하트 오브 스톤,Movie,Netflix,Action,2023,6.7,122.0,United States
나의 피부로,Movie,Netflix,Drama,2018,8.0,100.0,Italy
익스펜더블 4,Movie,Netflix,Action,2023,6.1,103.0,Bulgaria
비스트 오브 노 네이션,Movie,Netflix,Drama,2015,7.6,137.0,Brazil
베로니카,Movie,Netflix,Horror,2017,6.2,105.0,Spain
바람을 길들인 풍차소년,Movie,Netflix,Drama,2019,7.9,113.0,Malawi
엔드 오브 에반게리온,Movie,Netflix,Animation,1997,8.3,87.0,Japan
카고,Movie,Netflix,Drama,2017,6.4,105.0,Australia
365일: 오늘,Movie,Netflix,Romance,2022,5.9,110.0,Poland
사탄의 베이비시터: 킬러 퀸,Movie,Netflix,Comedy,2020,6.3,101.0,United States
털기 아니면 죽기: 제한시간 30분,Movie,Netflix,Action,2011,5.8,83.0,United States
나이트 비포,Movie,Netflix,Comedy,2015,6.1,101.0,United States
클리포드 더 빅 레드 독,Movie,Netflix,Family,2021,7.2,96.0,Canada
프란시스 하,Movie,Netflix,Comedy,2013,7.3,86.0,Brazil
웨딩 플래너,Movie,Netflix,Comedy,2001,5.9,103.0,Germany
남주기 아까운 그녀,Movie,Netflix,Comedy,2008,6.5,101.0,United Kingdom
소셜 딜레마,Movie,Netflix,Documentary,2020,7.5,94.0,United States
맹크,Movie,Netflix,Drama,2020,6.7,132.0,United States
휴비의 핼러윈,Movie,Netflix,Comedy,2020,5.9,102.0,United States
신의 손,Movie,Netflix,Drama,2021,7.5,130.0,Italy
비스트,Movie,Netflix,Action,2022,6.5,93.0,Iceland
골드,Movie,Netflix,Adventure,2016,6.6,120.0,United States
극장판 주술회전 0,Movie,Netflix,Animation,2021,8.1,105.0,Japan
호텔 뭄바이,Movie,Netflix,Thriller,2019,7.5,123.0,Australia
이 투 마마,Movie,Netflix,Drama,2001,7.4,106.0,Mexico
스파이더헤드,Movie,Netflix,Science Fiction,2022,5.8,107.0,United States
스즈메의 문단속,Movie,Netflix,Animation,2022,7.9,122.0,Japan
아논,Movie,Netflix,Science Fiction,2018,6.0,100.0,United States
가질 수 있다면,Movie,Netflix,Thriller,2017,5.6,89.0,United States
스네이크 아이즈: 지.아이.조,Movie,Netflix,Action,2021,6.5,121.0,Canada
프랭크,Movie,Netflix,Comedy,2014,6.9,95.0,Ireland
블러드 레드 스카이,Movie,Netflix,Horror,2021,6.8,123.0,Germany
케이트,Movie,Netflix,Action,2021,6.6,106.0,United States
씨 비스트,Movie,Netflix,Animation,2022,7.3,115.0,United States
사일런스,Movie,Netflix,Horror,2019,6.0,91.0,Canada
쇼핑몰 캅 2,Movie,Netflix,Action,2015,5.2,94.0,United States
아웃로 킹,Movie,Netflix,Action,2018,6.8,122.0,United Kingdom
일렉트릭 스테이트,Movie,Netflix,Action,2025,6.5,125.0,United States
보루토 - 나루토 더 무비,Movie,Netflix,Adventure,2015,7.5,95.0,Japan
드래곤볼 Z 극장판 14: 신들의 전쟁,Movie,Netflix,Animation,2013,6.8,85.0,Japan
베러 와치 아웃,Movie,Netflix,Horror,2017,6.7,89.0,United States
텍사스 전기톱 학살 2022,Movie,Netflix,Horror,2022,5.2,83.0,United States
히트맨,Movie,Netflix,Comedy,2024,6.8,116.0,United States
소름,Movie,Netflix,Horror,2014,6.4,82.0,United States
구스범스: 몬스터의 역습,Movie,Netflix,Comedy,2018,6.1,90.0,United States
레블 리지,Movie,Netflix,Crime,2024,7.0,131.0,United States
레이스,Movie,Netflix,Drama,2016,7.3,134.0,Canada
터스크,Movie,Netflix,Comedy,2014,5.5,102.0,Canada
러브 하드,Movie,Netflix,Comedy,2021,6.9,105.0,United States
이프: 상상의 친구,Movie,Netflix,Comedy,2024,7.0,104.0,United States
RRR: 라이즈 로어 리볼트,Movie,Netflix,Action,2022,7.7,187.0,India
언더 더 실버레이크,Movie,Netflix,Crime,2018,6.4,139.0,United States
다크 엔젤,Movie,Netflix,Crime,1998,6.8,124.0,United States
두 오버,Movie,Netflix,Action,2016,5.7,108.0,United States
반쪽의 이야기,Movie,Netflix,Comedy,2020,7.1,104.0,United States
문 섀도우,Movie,Netflix,Science Fiction,2019,6.2,115.0,United States
노바디 2,Movie,Netflix,Action,2025,6.9,89.0,United States
복수의 사도,Movie,Netflix,Horror,2018,6.1,129.0,United States
킬러조,Movie,Netflix,Crime,2012,6.5,102.0,United States
이상한 나라의 앨릭스,Movie,Netflix,Comedy,2018,6.6,99.0,United States
노웨어,Movie,Netflix,Thriller,2023,7.3,108.0,Spain
유로비전 송 콘테스트: 파이어 사가 스토리,Movie,Netflix,Music,2020,6.4,121.0,United States
아틀라스,Movie,Netflix,Science Fiction,2024,6.7,118.0,United States
아고라,Movie,Netflix,Adventure,2009,7.0,127.0,Spain
Chance Encounters With Oxygen,Movie,Netflix,Science Fiction,2021,6.6,100.0,France
리디큘러스 6,Movie,Netflix,Western,2015,5.2,119.0,United States
아빠가 되는 중,Movie,Netflix,Drama,2021,7.5,109.0,Canada
사보타지,Movie,Netflix,Action,2014,5.6,110.0,United States
블론드,Movie,Netflix,Drama,2022,5.9,167.0,United States
코드명 J,Movie,Netflix,Science Fiction,1995,5.8,97.0,Canada
일라이,Movie,Netflix,Horror,2019,6.0,98.0,United States
백 인 액션,Movie,Netflix,Action,2025,6.4,114.0,United States
신부의 아버지,Movie,Netflix,Comedy,1991,6.5,105.0,United States
울고 싶은 나는 고양이 가면을 쓴다,Movie,Netflix,Animation,2020,7.9,104.0,Japan
보이 이레이즈드,Movie,Netflix,Drama,2018,7.0,115.0,Australia
랜드 오브 배드,Movie,Netflix,Action,2024,7.2,113.0,United States
Rebel Moon — 파트 2: 스카기버,Movie,Netflix,Science Fiction,2024,6.1,121.0,United States
위시 드래곤,Movie,Netflix,Animation,2021,7.8,99.0,United States
후라이드 그린 토마토,Movie,Netflix,Drama,1991,7.7,130.0,United States
로열 크리스마스,Movie,Netflix,Romance,2017,6.6,92.0,United States
히즈 올 댓,Movie,Netflix,Comedy,2021,6.5,91.0,United States
IO,Movie,Netflix,Science Fiction,2019,5.0,96.0,United States
클라운,Movie,Netflix,Horror,2014,5.8,99.0,Canada
퍼스트 리폼드,Movie,Netflix,Drama,2018,7.0,113.0,United States
퍼펙션,Movie,Netflix,Horror,2018,6.5,90.0,United States
맬컴과 마리,Movie,Netflix,Drama,2021,7.0,106.0,United States
"그 남자, 좋은 간호사",Movie,Netflix,Drama,2022,6.9,121.0,United States
리프트: 비행기를 털어라,Movie,Netflix,Action,2024,6.4,107.0,United States
비버리 힐스 캅: 액셀 F,Movie,Netflix,Action,2024,6.6,115.0,United States
덤플링,Movie,Netflix,Comedy,2018,6.8,110.0,United States
위험한 만찬,Movie,Netflix,Drama,2018,6.6,93.0,Belgium
디스커버리,Movie,Netflix,Drama,2017,6.3,102.0,United States
내 이름은 마더,Movie,Netflix,Action,2023,6.6,115.0,United States
더 플랫폼 2,Movie,Netflix,Science Fiction,2024,5.6,101.0,Spain
언틸 던: 무한루프 데스게임,Movie,Netflix,Horror,2025,6.3,103.0,United States
슬라이딩 도어즈,Movie,Netflix,Comedy,1998,6.6,99.0,United Kingdom
센강 아래,Movie,Netflix,Action,2024,5.9,102.0,France
5년째 약혼중,Movie,Netflix,Comedy,2012,5.9,124.0,United States
건지 감자껍질파이 북클럽,Movie,Netflix,Romance,2018,7.4,124.0,United Kingdom
루스에게 생긴 일,Movie,Netflix,Thriller,2017,6.6,96.0,United States
니모나,Movie,Netflix,Animation,2023,7.8,99.0,United States
라스트 썸머,Movie,Netflix,Romance,2019,6.0,109.0,United States
로즈 아일랜드 공화국,Movie,Netflix,Comedy,2020,7.0,120.0,Italy
우리 사이 어쩌면,Movie,Netflix,Romance,2019,6.6,102.0,United States
오버 더 문,Movie,Netflix,Animation,2020,7.2,95.0,China
더 보스,Movie,Netflix,Comedy,2016,5.8,91.0,United States
기상천외한 헨리 슈거 이야기,Movie,Netflix,Comedy,2023,7.2,39.0,United States
선과 악의 학교,Movie,Netflix,Fantasy,2022,7.0,149.0,United States
애프터: 에버 해피,Movie,Netflix,Romance,2022,6.8,95.0,United States
타우,Movie,Netflix,Science Fiction,2018,6.2,97.0,United States
다크 플레이스,Movie,Netflix,Thriller,2015,5.9,113.0,France
아웃핏,Movie,Netflix,Crime,2022,7.1,105.0,United Kingdom
셀 211,Movie,Netflix,Action,2009,7.4,108.0,France
캡틴 언더팬츠,Movie,Netflix,Family,2017,6.3,89.0,United States
더 디그,Movie,Netflix,Drama,2021,6.8,112.0,United Kingdom
레오,Movie,Netflix,Animation,2023,7.4,102.0,Australia
피닉스 포가튼,Movie,Netflix,Thriller,2017,7.9,108.0,South Korea
메간 2.0,Movie,Netflix,Action,2025,7.2,120.0,United States
누드 리플레이,Movie,Netflix,Comedy,2017,5.8,96.0,United States
내 몸이 사라졌다,Movie,Netflix,Animation,2019,7.5,81.0,France
썬더 포스,Movie,Netflix,Comedy,2021,5.5,107.0,United States
더 타이탄,Movie,Netflix,Science Fiction,2018,5.3,97.0,Spain
또 다른 365일,Movie,Netflix,Romance,2022,6.4,112.0,Poland
마더스 데이,Movie,Netflix,Comedy,2016,6.0,118.0,United States
오베라는 남자,Movie,Netflix,Comedy,2015,7.6,116.0,Norway
더 더트,Movie,Netflix,Drama,2019,7.4,108.0,United States
에이미,Movie,Netflix,Documentary,2015,7.6,128.0,United Kingdom
그녀의 조각들,Movie,Netflix,Drama,2020,7.0,127.0,Canada
치욕의 대지,Movie,Netflix,Drama,2017,7.4,135.0,United States
호스텔 3,Movie,Netflix,Horror,2011,5.1,88.0,United States
더 보이 2: 돌아온 브람스,Movie,Netflix,Horror,2020,5.9,87.0,United States
시크릿 세탁소,Movie,Netflix,Crime,2019,6.0,96.0,United States
ARQ,Movie,Netflix,Science Fiction,2016,6.1,88.0,United States
굿 셰퍼드,Movie,Netflix,Drama,2006,6.4,167.0,United States
예스 데이!,Movie,Netflix,Family,2021,6.7,86.0,United States
스위트 걸,Movie,Netflix,Action,2021,6.6,110.0,United States
나의 히어로 아카데미아 더 무비: 히어로즈 라이징,Movie,Netflix,Animation,2019,8.1,104.0,Japan
내 이름은 돌러마이트,Movie,Netflix,Drama,2019,7.0,118.0,United States
넌 실수였어,Movie,Netflix,Comedy,2020,6.1,90.0,United States
퍼피 구조대 더 무비,Movie,Netflix,Action,2021,7.3,86.0,Canada
마이어로위츠 이야기 (제대로 고른 신작),Movie,Netflix,Comedy,2017,6.5,112.0,United States
호스트: 접속금지,Movie,Netflix,Horror,2020,6.6,56.0,United Kingdom
다운튼 애비,Movie,Netflix,Drama,2019,7.1,122.0,United Kingdom
7월 22일,Movie,Netflix,Crime,2018,7.1,143.0,United States
"마 레이니, 그녀가 블루스: 못다 한 이야기",Movie,Netflix,Drama,2020,6.6,93.0,United States
하우스 오브 다이너마이트,Movie,Netflix,Thriller,2025,6.4,112.0,United States
웨딩 데이트,Movie,Netflix,Romance,2005,6.8,88.0,United Kingdom
디 아이언 클로,Movie,Netflix,History,2023,7.5,132.0,United Kingdom
페라리,Movie,Netflix,History,2023,6.4,131.0,United States
더 패키지,Movie,Netflix,Comedy,2018,5.9,94.0,Canada
이너프,Movie,Netflix,Drama,2002,6.7,114.0,United States
나루토 질풍전 극장판 6기: 로드 투 닌자,Movie,Netflix,Animation,2012,7.4,109.0,Japan
해벅,Movie,Netflix,Action,2025,6.4,107.0,United Kingdom
우리의 20세기,Movie,Netflix,Drama,2016,7.3,118.0,United States
그 남자의 집,Movie,Netflix,Horror,2020,6.4,93.0,United Kingdom
워크 잇,Movie,Netflix,Comedy,2020,7.5,93.0,United States
탈피,Movie,Netflix,Crime,2023,6.7,136.0,United States
트레스패스,Movie,Netflix,Thriller,2011,5.5,91.0,United States
아이보이,Movie,Netflix,Action,2017,5.9,90.0,United Kingdom
프리 파이어,Movie,Netflix,Action,2017,6.3,91.0,United Kingdom
렛 잇 스노우,Movie,Netflix,Romance,2019,6.1,93.0,United States
더 하더 데이 폴,Movie,Netflix,Western,2021,6.6,137.0,United States
폴링 인 러브,Movie,Netflix,Romance,2019,6.5,98.0,United States
보리 vs 매켄로,Movie,Netflix,Drama,2017,6.9,108.0,Finland
아나콘다,Movie,Netflix,Adventure,2025,5.9,100.0,United States
웰컴 투 마웬,Movie,Netflix,Drama,2018,6.5,116.0,Canada
베스트 키드: 레전드,Movie,Netflix,Action,2025,7.0,94.0,United States
썸원 그레이트,Movie,Netflix,Comedy,2019,6.4,92.0,United States
바르셀로나 이비자 DJ,Movie,Netflix,Comedy,2018,5.7,94.0,United States
시크릿 옵세션,Movie,Netflix,Drama,2019,5.5,97.0,United States
아스테릭스: 더 미들 킹덤,Movie,Netflix,Family,2023,4.8,111.0,France
래기스,Movie,Netflix,Comedy,2014,6.1,100.0,United States
K-19: 위도우메이커,Movie,Netflix,Drama,2002,6.6,138.0,Canada
레베카,Movie,Netflix,Romance,2020,6.3,123.0,United Kingdom
비트를 느껴봐,Movie,Netflix,Comedy,2020,7.6,107.0,Canada
Da 5 블러드,Movie,Netflix,War,2020,6.4,155.0,United States
더 캡티브,Movie,Netflix,Drama,2014,5.8,112.0,Canada
크리스마스 연대기: 두 번째 이야기,Movie,Netflix,Family,2020,6.5,112.0,United States
프리랜서,Movie,Netflix,Action,2023,6.4,108.0,United States
크리스마스에 기사가 올까요?,Movie,Netflix,Comedy,2019,6.4,92.0,United States
버려진 자들의 땅,Movie,Netflix,Action,2017,5.3,119.0,United States
어웨이크,Movie,Netflix,Drama,2021,5.9,96.0,Canada
더 유니온,Movie,Netflix,Action,2024,6.1,109.0,United States
피케이: 별에서 온 얼간이,Movie,Netflix,Comedy,2014,7.7,153.0,India
당갈,Movie,Netflix,Drama,2016,7.9,161.0,India
베네데타,Movie,Netflix,History,2021,6.6,131.0,Belgium
유랑지구,Movie,Netflix,Science Fiction,2019,6.7,126.0,China
건파우더 밀크셰이크,Movie,Netflix,Action,2021,6.3,114.0,France
뮤트,Movie,Netflix,Science Fiction,2018,5.6,126.0,Germany
앤트로포이드,Movie,Netflix,History,2016,7.1,120.0,Czech Republic
베로니카 마스,Movie,Netflix,Crime,2014,6.6,107.0,United States
버티칼 리미트,Movie,Netflix,Adventure,2000,6.0,124.0,Germany
355,Movie,Netflix,Action,2022,6.0,122.0,United States
승리호,Movie,Netflix,Drama,2021,7.0,136.0,South Korea
아이스맨,Movie,Netflix,Thriller,2012,6.6,105.0,United States
더 하우스,Movie,Netflix,Animation,2022,7.0,97.0,United Kingdom
세상을 바꾼 변호인,Movie,Netflix,Drama,2018,7.3,120.0,United States
블랙폰 2,Movie,Netflix,Horror,2025,6.7,114.0,United States
원피스 필름 레드,Movie,Netflix,Animation,2022,7.2,115.0,Japan
"미라큘러스 월드: 뉴욕, 하나된 영웅들!",Movie,Netflix,Animation,2020,8.1,61.0,Brazil
로스트 도터,Movie,Netflix,Drama,2021,6.5,122.0,Greece
스톨른,Movie,Netflix,Action,2012,5.5,96.0,United States
데이트 앱 사기: 당신을 노린다,Movie,Netflix,Documentary,2022,7.0,114.0,United Kingdom
오피셜 시크릿,Movie,Netflix,Thriller,2019,7.2,112.0,United Kingdom
메리 미,Movie,Netflix,Romance,2022,6.6,112.0,China
캠프 엑스-레이,Movie,Netflix,Drama,2014,6.7,117.0,United States
그리다이언 갱,Movie,Netflix,Crime,2006,7.1,125.0,United States
위쳐: 늑대의 악몽,Movie,Netflix,Animation,2021,7.4,83.0,Poland
글래스 하우스,Movie,Netflix,Drama,2001,6.0,107.0,United States
루터: 태양의 몰락,Movie,Netflix,Crime,2023,6.6,129.0,United Kingdom
더블: 달콤한 악몽,Movie,Netflix,Thriller,2014,6.5,93.0,United Kingdom
종이의 집: 신드롬이 된 드라마,Movie,Netflix,Documentary,2020,7.4,57.0,Spain
스파이 서바이버,Movie,Netflix,Action,2015,5.7,96.0,United Kingdom
극장판 일곱 개의 대죄: 천공의 포로,Movie,Netflix,Action,2018,7.5,99.0,Japan
나의 그리스식 웨딩 2,Movie,Netflix,Comedy,2016,6.0,94.0,Canada
허드 앤 씬,Movie,Netflix,Horror,2021,5.7,120.0,United States
오징어와 고래,Movie,Netflix,Comedy,2005,7.0,81.0,United States
스내푸,Movie,Netflix,Action,2023,6.9,103.0,China
I'm Still Here,Movie,Netflix,Drama,2024,7.9,138.0,Brazil
뉘른베르크,Movie,Netflix,History,2025,7.5,149.0,United States
나루토 질풍전 극장판 1기: 나루토의 죽음,Movie,Netflix,Animation,2007,7.4,94.0,Japan
더 로버,Movie,Netflix,Crime,2014,6.3,103.0,Australia
에브리씽 유브 갓,Movie,Netflix,Comedy,2010,5.3,121.0,United States
슬로우 웨스트,Movie,Netflix,Western,2015,6.7,84.0,Australia
클래식 호러 스토리,Movie,Netflix,Horror,2021,5.8,95.0,Italy
우주인,Movie,Netflix,Science Fiction,2024,6.7,108.0,United States
#리얼리티하이,Movie,Netflix,Comedy,2017,6.2,99.0,United States
캣츠,Movie,Netflix,Fantasy,2019,4.1,110.0,China
매직 캘린더 - 크리스마스를 부탁해,Movie,Netflix,Romance,2018,6.6,94.0,United States
늑대의 어둠,Movie,Netflix,Thriller,2018,5.4,125.0,Switzerland
위험한 아이,Movie,Netflix,Drama,1993,6.8,87.0,United States
림 오브 더 월드,Movie,Netflix,Science Fiction,2019,5.9,99.0,United States
나의 문어 선생님,Movie,Netflix,Documentary,2020,7.9,85.0,South Africa
더 건맨,Movie,Netflix,Action,2015,5.8,115.0,France
메이 디셈버,Movie,Netflix,Drama,2023,6.6,117.0,United States
우먼 인 캐빈 10,Movie,Netflix,Mystery,2025,6.2,95.0,United Kingdom
오늘의 여자 주인공,Movie,Netflix,Crime,2024,6.4,95.0,United States
백조공주,Movie,Netflix,Family,1994,6.6,89.0,United States
거꾸로 가는 남자,Movie,Netflix,Comedy,2018,6.2,98.0,France
힐빌리의 노래,Movie,Netflix,Drama,2020,6.7,117.0,United States
미 타임,Movie,Netflix,Comedy,2022,5.9,105.0,United States
카메론 포스트의 잘못된 교육,Movie,Netflix,Drama,2018,6.9,92.0,United Kingdom
요람을 흔드는 손,Movie,Netflix,Drama,1992,6.9,110.0,United States
목요일 살인 클럽,Movie,Netflix,Comedy,2025,6.6,118.0,United States
기차의 꿈,Movie,Netflix,Drama,2025,7.3,102.0,United States
FYRE: 꿈의 축제에서 악몽의 사기극으로,Movie,Netflix,Documentary,2019,6.9,98.0,United States
애프터: 유혹의 끝,Movie,Netflix,Romance,2023,6.9,93.0,United States
룸메이트,Movie,Netflix,Thriller,2011,5.4,91.0,United States
돈 무브,Movie,Netflix,Horror,2024,6.3,92.0,United States
화이트 타이거,Movie,Netflix,Drama,2021,7.0,125.0,Singapore
올 굿 에브리씽,Movie,Netflix,Mystery,2010,6.1,101.0,United States
두 리벤지,Movie,Netflix,Comedy,2022,6.4,118.0,United States
혹시 내게 무슨 일이 생기면,Movie,Netflix,Drama,2020,7.7,12.0,United States
작은 사탄,Movie,Netflix,Horror,2017,5.6,94.0,United States
폴 프롬 그레이스,Movie,Netflix,Drama,2020,7.0,120.0,United States
코트 스틸링,Movie,Netflix,Crime,2025,6.9,107.0,United States
슬리핑 위드 아더 피플,Movie,Netflix,Comedy,2015,6.3,100.0,United States
밥 말리: 원 러브,Movie,Netflix,Music,2024,6.6,104.0,United States
눈물을 만드는 사람,Movie,Netflix,Romance,2024,6.5,106.0,Italy
블랙 앤 블루,Movie,Netflix,Action,2019,6.8,109.0,United States
빌로우제로,Movie,Netflix,Action,2021,6.4,106.0,Spain
콜 오브 와일드,Movie,Netflix,Thriller,2020,7.5,112.0,South Korea
게임 오버,Movie,Netflix,Action,2018,5.5,101.0,United States
윌러비 가족,Movie,Netflix,Adventure,2020,7.0,92.0,Canada
더 원더,Movie,Netflix,Drama,2022,6.6,108.0,Ireland
스루 마이 윈도: 우리 사이의 바다,Movie,Netflix,Romance,2023,6.6,110.0,Spain
올드 가드 2,Movie,Netflix,Action,2025,5.9,107.0,United States
벼랑 끝에 서서,Movie,Netflix,Thriller,2025,7.7,105.0,United States
죽을 때까지,Movie,Netflix,Horror,2021,6.7,89.0,France
이지와 오시,Movie,Netflix,Romance,2020,6.9,113.0,Germany
헌티드 힐,Movie,Netflix,Horror,1999,5.6,93.0,United States
해피 길모어 2,Movie,Netflix,Comedy,2025,6.5,118.0,United States
로열 크리스마스: 세기의 결혼,Movie,Netflix,Romance,2018,6.4,92.0,United States
"미라큘러스: 레이디버그와 블랙캣, 더 무비",Movie,Netflix,Animation,2023,7.6,105.0,China
해리건 씨의 전화기,Movie,Netflix,Drama,2022,6.4,105.0,United States
비트윈 투 펀스 - 투어 스페셜,Movie,Netflix,Comedy,2019,5.9,82.0,United States
자도빌 포위작전,Movie,Netflix,War,2016,7.1,108.0,Ireland
슬럼버랜드,Movie,Netflix,Adventure,2022,7.3,117.0,United States
해리엇,Movie,Netflix,Drama,2019,7.3,125.0,United States
어글리,Movie,Netflix,Science Fiction,2024,5.7,100.0,United States
럭키스트 걸 얼라이브,Movie,Netflix,Drama,2022,6.5,113.0,United States
시니어 이어,Movie,Netflix,Comedy,2022,5.9,114.0,United States
사라진 탄환,Movie,Netflix,Action,2020,6.6,92.0,Belgium
아메리칸 허니: 방황하는 별의 노래,Movie,Netflix,Drama,2016,6.8,163.0,United Kingdom
바후발리: 더 비기닝,Movie,Netflix,Action,2015,7.5,159.0,India
기묘한 이야기,TV Show,Netflix,Action & Adventure,2016,8.6,,United States
종이의 집,TV Show,Netflix,Crime,2017,8.2,,Spain
브레이킹 배드,TV Show,Netflix,Drama,2008,8.9,,United States
워킹 데드,TV Show,Netflix,Action & Adventure,2010,8.1,,United States
오징어 게임,TV Show,Netflix,Action & Adventure,2021,7.9,,South Korea
루시퍼,TV Show,Netflix,Crime,2016,8.4,45.0,United States
리버데일,TV Show,Netflix,Crime,2017,8.4,45.0,United States
플래시,TV Show,Netflix,Drama,2014,7.8,,United States
피키 블라인더스,TV Show,Netflix,Drama,2013,8.5,,United Kingdom
그레이 아나토미,TV Show,Netflix,Drama,2005,8.2,,United States
웬즈데이,TV Show,Netflix,Sci-Fi & Fantasy,2022,8.3,,United States
엄브렐러 아카데미,TV Show,Netflix,Action & Adventure,2019,8.5,,United States
엘리트들,TV Show,Netflix,Crime,2018,8.0,,Spain
오티스의 비밀 상담소,TV Show,Netflix,Comedy,2019,8.2,,United Kingdom
바이킹스,TV Show,Netflix,Action & Adventure,2013,8.1,,Canada
다크,TV Show,Netflix,Crime,2017,8.4,,Germany
귀멸의 칼날,TV Show,Netflix,Animation,2019,8.6,,Japan
코브라 카이,TV Show,Netflix,Action & Adventure,2018,8.2,,United States
위쳐,TV Show,Netflix,Drama,2019,7.9,,United States
베터 콜 사울,TV Show,Netflix,Crime,2015,8.7,,United States
블랙 미러,TV Show,Netflix,Sci-Fi & Fantasy,2011,8.3,,United Kingdom
나루토,TV Show,Netflix,Animation,2002,8.4,24.0,Japan
아케인,TV Show,Netflix,Animation,2021,8.8,,France
슈츠,TV Show,Netflix,Drama,2011,8.2,42.0,United States
퀸스 갬빗,TV Show,Netflix,Drama,2020,8.4,,United States
원피스,TV Show,Netflix,Action & Adventure,1999,8.7,24.0,Japan
나의 히어로 아카데미아,TV Show,Netflix,Action & Adventure,2016,8.6,24.0,Japan
피어 더 워킹 데드,TV Show,Netflix,Action & Adventure,2015,7.6,,United States
일곱 개의 대죄,TV Show,Netflix,Animation,2014,8.4,24.0,Japan
빨간 머리 앤,TV Show,Netflix,Drama,2017,8.7,47.0,Canada
데스노트,TV Show,Netflix,Animation,2006,8.6,22.0,Japan
아바타 아앙의 전설,TV Show,Netflix,Animation,2005,8.8,24.0,South Korea
틴 울프,TV Show,Netflix,Sci-Fi & Fantasy,2011,8.4,,United States
미라큘러스 레이디버그,TV Show,Netflix,Action & Adventure,2015,8.1,,France
루머의 루머의 루머,TV Show,Netflix,Drama,2017,7.5,,United States
주술회전,TV Show,Netflix,Animation,2020,8.6,24.0,Japan
슈퍼걸,TV Show,Netflix,Drama,2015,7.3,42.0,United States
지금 우리 학교는,TV Show,Netflix,Action & Adventure,2022,8.3,65.0,South Korea
검은 욕망,TV Show,Netflix,Mystery,2020,7.3,35.0,Mexico
"러브, 데스 + 로봇",TV Show,Netflix,Animation,2019,8.2,,United States
브루클린 나인-나인,TV Show,Netflix,Comedy,2013,8.2,,United States
너의 모든 것,TV Show,Netflix,Mystery,2018,8.0,,United States
사브리나의 오싹한 모험,TV Show,Netflix,Mystery,2018,8.2,,United States
마약왕 파블로 에스코바,TV Show,Netflix,Crime,2012,7.6,45.0,Colombia
블랙리스트,TV Show,Netflix,Drama,2013,7.6,,United States
빌어먹을 세상 따위,TV Show,Netflix,Comedy,2017,8.0,,United Kingdom
쉐임리스,TV Show,Netflix,Drama,2011,8.2,,United States
브리저튼,TV Show,Netflix,Drama,2020,8.1,,United States
나르코스,TV Show,Netflix,Crime,2015,8.1,,United States
하우스 오브 카드,TV Show,Netflix,Drama,2013,8.0,,United States
헤일로,TV Show,Netflix,Sci-Fi & Fantasy,2022,8.2,,United Kingdom
레가시,TV Show,Netflix,Sci-Fi & Fantasy,2018,8.4,43.0,United States
영 셸던,TV Show,Netflix,Comedy,2017,8.0,,United States
마인드헌터,TV Show,Netflix,Drama,2017,8.1,,United States
스파르타쿠스,TV Show,Netflix,Drama,2010,8.0,53.0,United States
아웃랜더,TV Show,Netflix,Drama,2014,8.2,,United Kingdom
다머,TV Show,Netflix,Crime,2022,8.0,,United States
보잭 홀스맨,TV Show,Netflix,Animation,2014,8.5,,United States
오렌지 이즈 더 뉴 블랙,TV Show,Netflix,Drama,2013,7.6,,United States
오자크,TV Show,Netflix,Crime,2017,8.2,,United States
아리스 인 보더랜드,TV Show,Netflix,Mystery,2020,8.1,,Japan
힐 하우스의 유령,TV Show,Netflix,Mystery,2018,8.1,,United States
여신강림,TV Show,Netflix,Comedy,2020,8.3,,South Korea
샌드맨,TV Show,Netflix,Sci-Fi & Fantasy,2022,7.9,,United States
뤼팽,TV Show,Netflix,Crime,2021,7.7,,France
홈랜드,TV Show,Netflix,Drama,2011,7.6,,United States
블라인드스팟,TV Show,Netflix,Crime,2015,7.4,,United States
Vis a vis,TV Show,Netflix,Drama,2015,8.0,50.0,Spain
NCIS,TV Show,Netflix,Crime,2003,7.6,,United States
강철의 연금술사 BROTHERHOOD,TV Show,Netflix,Animation,2009,8.7,25.0,Japan
DC 레전드 오브 투모로우,TV Show,Netflix,Action & Adventure,2016,7.3,42.0,United States
컨트롤 Z,TV Show,Netflix,Drama,2020,8.2,36.0,Mexico
더 크라운,TV Show,Netflix,Drama,2016,8.2,,United Kingdom
가십걸,TV Show,Netflix,Drama,2007,8.2,,United States
얼터드 카본,TV Show,Netflix,Sci-Fi & Fantasy,2018,7.6,,United States
분노의 질주: 스파이 레이서,TV Show,Netflix,Animation,2019,7.0,25.0,United States
포켓몬스터,TV Show,Netflix,Animation,1997,8.0,,Japan
섹스 앤 더 시티,TV Show,Netflix,Drama,1998,7.4,,United States
헌터x헌터,TV Show,Netflix,Animation,2011,8.7,24.0,Japan
블랙 클로버,TV Show,Netflix,Animation,2017,8.5,24.0,Japan
신세기 에반게리온,TV Show,Netflix,Sci-Fi & Fantasy,1995,8.6,25.0,Japan
이누야샤,TV Show,Netflix,Animation,2000,8.6,24.0,Japan
좋아하면 울리는,TV Show,Netflix,Drama,2019,8.3,50.0,South Korea
아이 엠 낫 오케이,TV Show,Netflix,Drama,2020,8.0,,United States
라스트 킹덤,TV Show,Netflix,Action & Adventure,2015,8.3,60.0,United Kingdom
La Reina del Sur,TV Show,Netflix,Drama,2011,7.9,42.0,United States
Drake & Josh,TV Show,Netflix,Comedy,2004,8.4,24.0,United States
쥬라기 월드: 백악기 어드벤처,TV Show,Netflix,Animation,2020,8.0,24.0,United States
네버 해브 아이 에버,TV Show,Netflix,Comedy,2020,8.1,,United States
익스플레인: 섹스를 해설하다,TV Show,Netflix,Documentary,2020,6.5,22.0,United States
종말의 발키리,TV Show,Netflix,Action & Adventure,2021,8.4,,Japan
하와이 파이브 오,TV Show,Netflix,Crime,2010,7.7,42.0,United States
로스트 인 스페이스,TV Show,Netflix,Sci-Fi & Fantasy,2018,7.5,56.0,United States
센스8,TV Show,Netflix,Sci-Fi & Fantasy,2015,7.7,,United Kingdom
스타게이트 SG-1,TV Show,Netflix,Sci-Fi & Fantasy,1997,8.3,42.0,Canada
Rosario Tijeras,TV Show,Netflix,Drama,2016,7.6,45.0,Mexico
사이버펑크: 엣지러너,TV Show,Netflix,Animation,2022,8.5,25.0,Japan
지니 & 조지아,TV Show,Netflix,Comedy,2021,8.0,,United States
매니페스트,TV Show,Netflix,Sci-Fi & Fantasy,2018,7.6,42.0,United States
원피스,TV Show,Netflix,Action & Adventure,2023,8.1,,United States
보스 베이비: 돌아온 보스,TV Show,Netflix,Animation,2018,7.1,24.0,United States
11.22.63,TV Show,Netflix,Drama,2016,7.8,81.0,United States
빅토리어스,TV Show,Netflix,Comedy,2010,8.2,24.0,United States
채울 수 없는,TV Show,Netflix,Drama,2018,7.8,45.0,United States
하트스토퍼,TV Show,Netflix,Drama,2022,8.6,30.0,United Kingdom
닥터 스톤,TV Show,Netflix,Animation,2019,8.5,24.0,Japan
존경하는 재판장님,TV Show,Netflix,Drama,2020,8.1,,United States
엘 차포: 터널 킹,TV Show,Netflix,Drama,2017,7.5,55.0,United States
못 말리는 패밀리,TV Show,Netflix,Comedy,2003,7.9,,United States
죠죠의 기묘한 모험,TV Show,Netflix,Animation,2012,8.6,24.0,Japan
스위트 투스: 사슴뿔을 가진 소년,TV Show,Netflix,Drama,2021,7.8,,United States
라 브레아,TV Show,Netflix,Sci-Fi & Fantasy,2021,7.4,45.0,Australia
셀레나,TV Show,Netflix,Drama,2020,7.5,40.0,Mexico
소년의 시간,TV Show,Netflix,Drama,2025,7.8,,United Kingdom
스와트,TV Show,Netflix,Crime,2017,8.0,,United States
The Queen of Flow,TV Show,Netflix,Drama,2018,8.0,53.0,Colombia
카케구루이,TV Show,Netflix,Animation,2017,8.1,24.0,Japan
스위트홈,TV Show,Netflix,Sci-Fi & Fantasy,2020,8.2,,South Korea
"에밀리, 파리에 가다",TV Show,Netflix,Drama,2020,7.6,,United States
섀도우 앤 본,TV Show,Netflix,Drama,2021,7.8,52.0,United States
방패 용사 성공담,TV Show,Netflix,Animation,2019,8.5,24.0,Japan
캐슬바니아,TV Show,Netflix,Animation,2017,8.3,,United States
아이칼리,TV Show,Netflix,Comedy,2007,8.0,,United States
페이트: 윙스의 전설,TV Show,Netflix,Sci-Fi & Fantasy,2021,8.0,47.0,Italy
1899,TV Show,Netflix,Mystery,2022,7.5,,Germany
삼체,TV Show,Netflix,Sci-Fi & Fantasy,2024,7.5,,China
하이큐!!,TV Show,Netflix,Animation,2014,8.6,24.0,Japan
나르코스: 멕시코,TV Show,Netflix,Drama,2018,7.9,,United States
킬링 이브,TV Show,Netflix,Crime,2018,7.9,43.0,United Kingdom
사이코지만 괜찮아,TV Show,Netflix,Drama,2020,8.5,77.0,South Korea
높은 성의 사나이,TV Show,Netflix,Sci-Fi & Fantasy,2015,7.5,,United Kingdom
마이클 조던: 더 라스트 댄스,TV Show,Netflix,Documentary,2020,8.3,50.0,United States
로크 앤 키,TV Show,Netflix,Sci-Fi & Fantasy,2020,7.8,,United States
오펀 블랙,TV Show,Netflix,Drama,2013,7.8,43.0,Canada
블라이 저택의 유령,TV Show,Netflix,Mystery,2020,7.6,,United States
섹스/라이프,TV Show,Netflix,Drama,2021,7.1,,United States
격투맨 바키,TV Show,Netflix,Animation,2018,8.1,24.0,Japan
OA,TV Show,Netflix,Sci-Fi & Fantasy,2016,7.5,,United States
레인,TV Show,Netflix,Sci-Fi & Fantasy,2018,7.2,45.0,Denmark
폴링 스카이,TV Show,Netflix,Action & Adventure,2011,7.1,60.0,United States
더 레지던트,TV Show,Netflix,Drama,2018,8.4,42.0,United States
워리어 넌: 신의 뜻대로,TV Show,Netflix,Action & Adventure,2020,7.9,42.0,Spain
모브사이코 100,TV Show,Netflix,Animation,2016,8.5,24.0,Japan
디스인챈트,TV Show,Netflix,Animation,2018,7.4,,United States
비스타즈,TV Show,Netflix,Animation,2019,8.4,23.0,Japan
엄마는 둘밖에 없지,TV Show,Netflix,Comedy,2021,7.6,40.0,Mexico
래치드,TV Show,Netflix,Mystery,2020,7.6,,United States
길모어 걸스,TV Show,Netflix,Comedy,2000,7.9,44.0,United States
죄인,TV Show,Netflix,Crime,2017,7.5,,United States
별나도 괜찮아,TV Show,Netflix,Drama,2017,8.1,33.0,United States
암살교실,TV Show,Netflix,Animation,2015,8.4,24.0,Japan
빅 마우스,TV Show,Netflix,Comedy,2017,7.6,27.0,United States
누가 사라를 죽였을까,TV Show,Netflix,Drama,2021,7.6,40.0,Mexico
Kingdom Force,TV Show,Netflix,Drama,2019,8.2,22.0,South Korea
어둠 속의 미사,TV Show,Netflix,Mystery,2021,7.6,,United States
영 로열스,TV Show,Netflix,Drama,2021,8.5,45.0,Sweden
더 파이팅,TV Show,Netflix,Animation,2000,8.7,24.0,Japan
아우터 뱅크스,TV Show,Netflix,Action & Adventure,2020,8.3,54.0,United States
나이트 에이전트,TV Show,Netflix,Action & Adventure,2023,7.7,,United States
Henry Danger,TV Show,Netflix,Comedy,2014,8.3,22.0,United States
베이비 레인디어,TV Show,Netflix,Drama,2024,7.6,,United Kingdom
트롤헌터: 아카디아의 전설,TV Show,Netflix,Family,2016,8.5,24.0,United States
4월은 너의 거짓말,TV Show,Netflix,Animation,2014,8.6,23.0,Japan
보디가드,TV Show,Netflix,Crime,2018,7.8,60.0,United Kingdom
라그나로크,TV Show,Netflix,Sci-Fi & Fantasy,2020,7.8,,Denmark
지정생존자,TV Show,Netflix,Drama,2016,7.1,,United States
Scooby-Doo! Mystery Incorporated,TV Show,Netflix,Animation,2010,8.2,22.0,United States
아바타: 아앙의 전설,TV Show,Netflix,Action & Adventure,2024,7.8,,United States
오버로드,TV Show,Netflix,Animation,2015,8.5,24.0,Japan
빈센조,TV Show,Netflix,Action & Adventure,2021,8.5,81.0,South Korea
조이 101,TV Show,Netflix,Comedy,2005,8.1,23.0,United States
애프터 라이프 앵그리맨,TV Show,Netflix,Comedy,2019,7.9,30.0,United Kingdom
켄간 아슈라,TV Show,Netflix,Animation,2019,8.3,23.0,Japan
바이킹스: 발할라,TV Show,Netflix,Action & Adventure,2022,7.6,,Ireland
유희왕 듀얼몬스터즈,TV Show,Netflix,Animation,2000,8.3,24.0,Japan
그들이 우리를 바라볼 때,TV Show,Netflix,Drama,2019,8.2,,United States
레모니 스니켓의 위험한 대결,TV Show,Netflix,Action & Adventure,2017,7.4,52.0,Canada
기예르모 델토로의 호기심의 방,TV Show,Netflix,Drama,2022,7.5,,United States
오늘부터 신령님,TV Show,Netflix,Animation,2012,8.6,24.0,Japan
러시아 인형처럼,TV Show,Netflix,Comedy,2019,7.4,,United States
매니악,TV Show,Netflix,Comedy,2018,7.3,,United States
지옥,TV Show,Netflix,Drama,2021,7.3,,South Korea
브로드처치,TV Show,Netflix,Crime,2013,7.9,,United Kingdom
저주받은 소녀,TV Show,Netflix,Action & Adventure,2020,7.1,,United States
은밀한 회사원,TV Show,Netflix,Comedy,2021,8.1,28.0,United States
슬램덩크,TV Show,Netflix,Animation,1993,8.7,23.0,Japan
레지던트 에이리언,TV Show,Netflix,Sci-Fi & Fantasy,2021,7.8,,United States
옐로우재킷,TV Show,Netflix,Drama,2021,7.5,,Canada
바이올렛 에버가든,TV Show,Netflix,Animation,2018,8.5,25.0,Japan
블랙 라이트닝,TV Show,Netflix,Action & Adventure,2018,6.9,45.0,United States
그녀의 이름은 난노,TV Show,Netflix,Drama,2018,8.5,,Thailand
빈란드 사가,TV Show,Netflix,Animation,2019,8.5,25.0,Japan
성난 사람들,TV Show,Netflix,Comedy,2023,7.8,,United States
인터넷으로 마약을 파는 법,TV Show,Netflix,Drama,2019,7.9,,Germany
이상한 변호사 우영우,TV Show,Netflix,Drama,2022,8.5,70.0,South Korea
조용한 희망,TV Show,Netflix,Drama,2021,8.0,,United States
미드나잇 가스펠,TV Show,Netflix,Animation,2020,8.3,,United States
사랑의 불시착,TV Show,Netflix,Drama,2019,8.5,,South Korea
잭 모턴과 언더월드,TV Show,Netflix,Drama,2019,7.6,50.0,United States
꽃들의 집,TV Show,Netflix,Drama,2018,7.7,,Mexico
베이비,TV Show,Netflix,Drama,2018,7.9,50.0,Italy
그 비스크 돌은 사랑을 한다,TV Show,Netflix,Animation,2022,8.4,24.0,Japan
더 킹: 영원의 군주,TV Show,Netflix,Sci-Fi & Fantasy,2020,8.3,72.0,South Korea
다이너스티: 1%의 1%,TV Show,Netflix,Drama,2017,8.1,43.0,United States
바이오하자드: 무한의 어둠,TV Show,Netflix,Animation,2021,7.6,26.0,Japan
나 홀로 그대,TV Show,Netflix,Drama,2020,8.5,57.0,South Korea
워킹 데드: 대릴 딕슨,TV Show,Netflix,Sci-Fi & Fantasy,2023,8.0,,United States
마녀의 발견,TV Show,Netflix,Sci-Fi & Fantasy,2018,7.8,45.0,Italy
단다단,TV Show,Netflix,Animation,2024,8.5,,Japan
시간여행자,TV Show,Netflix,Drama,2016,7.6,45.0,Canada
장송의 프리렌,TV Show,Netflix,Animation,2023,8.8,25.0,Japan
파워 레인저,TV Show,Netflix,Action & Adventure,1993,7.1,24.0,Japan
메릴 사페레 오데,TV Show,Netflix,Comedy,2019,8.3,50.0,Spain
스페이스 포스,TV Show,Netflix,Comedy,2020,6.5,,United States
드라큘라,TV Show,Netflix,Drama,2020,7.0,90.0,United Kingdom
별에서 온 그대,TV Show,Netflix,Comedy,2013,8.3,60.0,South Korea
퍼피 구조대,TV Show,Netflix,Animation,2013,7.0,,Canada
산타클라리타 다이어트,TV Show,Netflix,Comedy,2017,7.4,,United States
믿을 수 없는 이야기,TV Show,Netflix,Drama,2019,7.9,50.0,United States
어셔가의 몰락,TV Show,Netflix,Mystery,2023,7.6,,United States
위쳐: 블러드 오리진,TV Show,Netflix,Sci-Fi & Fantasy,2022,6.5,,United States
돌연변이 특공대 닌자 거북이,TV Show,Netflix,Action & Adventure,2012,8.3,22.0,United States
몬스터,TV Show,Netflix,Animation,2004,8.5,24.0,Japan
젠틀맨: 더 시리즈,TV Show,Netflix,Comedy,2024,7.8,,United Kingdom
환혼,TV Show,Netflix,Drama,2022,8.6,75.0,South Korea
레고 닌자고,TV Show,Netflix,Animation,2012,8.0,22.0,Canada
자객 오육칠,TV Show,Netflix,Animation,2018,8.6,16.0,China
어둠 속의 감시자,TV Show,Netflix,Drama,2022,7.1,,United States
푸른 눈의 사무라이,TV Show,Netflix,Action & Adventure,2023,8.5,,France
주피터스 레거시,TV Show,Netflix,Sci-Fi & Fantasy,2021,6.9,45.0,United Kingdom
명탐정 코난,TV Show,Netflix,Animation,1996,8.0,25.0,Japan
5등분의 신부,TV Show,Netflix,Animation,2019,8.4,24.0,Japan
페파 피그,TV Show,Netflix,Animation,2004,6.6,,United Kingdom
천공 침범,TV Show,Netflix,Animation,2021,8.2,25.0,Japan
사내맞선,TV Show,Netflix,Comedy,2022,8.4,61.0,South Korea
그리고 베를린에서,TV Show,Netflix,Drama,2020,7.7,,Germany
캡틴 츠바사,TV Show,Netflix,Animation,2018,8.2,24.0,Japan
마이 리틀 포니: 우정은 마법,TV Show,Netflix,Animation,2010,8.2,22.0,Canada
데빌맨 크라이베이비,TV Show,Netflix,Animation,2018,7.8,25.0,Japan
워킹 데드: 데드 시티,TV Show,Netflix,Action & Adventure,2023,7.9,,United States
종이의 집: 공동경제구역,TV Show,Netflix,Action & Adventure,2022,7.7,75.0,South Korea
아빠 뭐 하세요,TV Show,Netflix,Comedy,1991,7.4,22.0,United States
베로니카 마스,TV Show,Netflix,Mystery,2004,7.8,42.0,United States
고요의 바다,TV Show,Netflix,Drama,2021,7.6,45.0,South Korea
틴 타이탄 GO!,TV Show,Netflix,Animation,2013,6.5,11.0,United States
H2O: Just Add Water,TV Show,Netflix,Drama,2006,7.8,24.0,Australia
비하인드 허 아이즈,TV Show,Netflix,Mystery,2021,7.3,50.0,United Kingdom
그 땅에는 신이 없다,TV Show,Netflix,Western,2017,7.7,,United States
샬럿 왕비: 브리저튼 외전,TV Show,Netflix,Drama,2023,8.0,,United States
사냥개들,TV Show,Netflix,Drama,2023,8.5,61.0,South Korea
아카이브 81,TV Show,Netflix,Drama,2022,7.2,,United States
드래곤 프린스,TV Show,Netflix,Animation,2018,8.2,26.0,United States
더 체스트넛 맨,TV Show,Netflix,Drama,2021,7.5,55.0,Denmark
로 앤 오더,TV Show,Netflix,Crime,1990,7.3,,United States
인간 vs 벌,TV Show,Netflix,Family,2022,7.1,,United Kingdom
인간수업,TV Show,Netflix,Crime,2020,8.1,55.0,South Korea
굿키즈 온 더 블록,TV Show,Netflix,Comedy,2018,8.3,,United States
굿 걸스,TV Show,Netflix,Drama,2018,7.8,42.0,United States
캐슬록,TV Show,Netflix,Mystery,2018,7.2,60.0,United States
세인트 세이야: 12궁의 기사단,TV Show,Netflix,Animation,2019,7.4,23.0,United States
"엑스오, 키티",TV Show,Netflix,Comedy,2023,8.1,,United States
상속자들,TV Show,Netflix,Comedy,2013,7.8,60.0,South Korea
미소녀 전사 세일러 문 Crystal,TV Show,Netflix,Animation,2014,8.1,25.0,Japan
베를린,TV Show,Netflix,Drama,2023,7.6,,Spain
나의 데몬,TV Show,Netflix,Drama,2023,8.4,,South Korea
고양이는 건드리지 마라: 인터넷 킬러 사냥,TV Show,Netflix,Crime,2019,7.6,62.0,United Kingdom
바바리안,TV Show,Netflix,Action & Adventure,2020,7.3,45.0,Germany
Hello Charlotte,TV Show,Netflix,Animation,2015,8.3,24.0,Japan
피노키오,TV Show,Netflix,Drama,2014,8.2,65.0,South Korea
마슐,TV Show,Netflix,Animation,2023,8.3,24.0,Japan
갯마을 차차차,TV Show,Netflix,Comedy,2021,8.2,78.0,South Korea
맘,TV Show,Netflix,Comedy,2013,7.3,23.0,United States
구스범스,TV Show,Netflix,Sci-Fi & Fantasy,1995,8.0,,Canada
오징어 게임: 더 챌린지,TV Show,Netflix,Reality,2023,6.5,,United Kingdom
판데믹: 인플루엔자와의 전쟁,TV Show,Netflix,Documentary,2020,6.9,50.0,United States
"F1, 본능의 질주",TV Show,Netflix,Documentary,2019,8.2,,United Kingdom
사냥꾼들,TV Show,Netflix,Crime,2020,7.2,,United States
줄리 앤 팬텀스,TV Show,Netflix,Family,2020,8.4,30.0,United States
마코 머메이드,TV Show,Netflix,Comedy,2013,7.6,,Australia
호텔 델루나,TV Show,Netflix,Sci-Fi & Fantasy,2019,8.5,70.0,South Korea
언브레이커블 키미슈미트,TV Show,Netflix,Comedy,2015,7.1,,United States
데드 투 미,TV Show,Netflix,Drama,2019,7.3,,United States
블러드 오브 제우스,TV Show,Netflix,Animation,2020,7.7,,United States
솔라 오포짓,TV Show,Netflix,Comedy,2020,7.8,,United States
킹더랜드,TV Show,Netflix,Drama,2023,8.2,71.0,South Korea
더 소사이어티,TV Show,Netflix,Drama,2019,7.5,50.0,United States
세기의 도둑들,TV Show,Netflix,Crime,2020,7.3,48.0,
바이오하자드: 더 시리즈,TV Show,Netflix,Drama,2022,5.6,,United States
도슨의 청춘일기,TV Show,Netflix,Drama,1998,7.3,44.0,United States
쿠로코의 농구,TV Show,Netflix,Animation,2012,8.4,24.0,Japan
스캔들,TV Show,Netflix,Drama,2012,7.2,,United States
아름다웠던 우리에게,TV Show,Netflix,Drama,2020,8.3,24.0,South Korea
마르코 폴로,TV Show,Netflix,Action & Adventure,2014,7.4,,United States
블루 록,TV Show,Netflix,Animation,2022,8.2,23.0,Japan
The Thundermans,TV Show,Netflix,Action & Adventure,2013,8.0,23.0,United States
Luis Miguel: La Serie,TV Show,Netflix,Drama,2018,8.0,60.0,Mexico
블랙 썸머,TV Show,Netflix,Sci-Fi & Fantasy,2019,7.0,45.0,United States
El Cartel de los Sapos,TV Show,Netflix,Action & Adventure,2008,7.5,45.0,Colombia
드래곤볼 다이마,TV Show,Netflix,Animation,2024,8.2,25.0,Japan
버진리버,TV Show,Netflix,Drama,2019,7.9,,United States
천원돌파 그렌라간,TV Show,Netflix,Animation,2007,8.2,24.0,Japan
마스터 오브 제로,TV Show,Netflix,Comedy,2015,7.4,,United States
풀러 하우스,TV Show,Netflix,Family,2016,7.4,,United States
팔로잉,TV Show,Netflix,Crime,2013,6.9,43.0,United States
코미 양은 커뮤증입니다,TV Show,Netflix,Animation,2021,8.3,,Japan
웨스트 윙,TV Show,Netflix,Drama,1999,8.3,,United States
마리안,TV Show,Netflix,Mystery,2019,7.6,52.0,France
어둠 속으로,TV Show,Netflix,Sci-Fi & Fantasy,2020,7.1,37.0,Belgium
타이거 킹,TV Show,Netflix,Documentary,2020,6.9,,United States
하트랜드,TV Show,Netflix,Family,2007,8.3,45.0,Canada
약사의 혼잣말,TV Show,Netflix,Animation,2023,8.6,23.0,Japan
살인자 만들기,TV Show,Netflix,Documentary,2015,7.9,60.0,United States
Happiness,TV Show,Netflix,Drama,2021,8.1,67.0,South Korea
링컨의 집에서 살아남기,TV Show,Netflix,Animation,2016,7.8,11.0,United States
Toy Boy,TV Show,Netflix,Drama,2019,7.6,70.0,Spain
스트레인저,TV Show,Netflix,Mystery,2020,7.2,65.0,United Kingdom
한마 바키,TV Show,Netflix,Animation,2021,8.1,24.0,Japan
알라와비 여고,TV Show,Netflix,Drama,2021,7.5,50.0,Jordan
스카이 로호,TV Show,Netflix,Action & Adventure,2021,7.5,26.0,Spain
니키 잼: 엘 가나도르,TV Show,Netflix,Drama,2018,7.3,41.0,Mexico
애니멀 킹덤,TV Show,Netflix,Crime,2016,7.7,50.0,United States
소닉 프라임,TV Show,Netflix,Animation,2022,8.2,,Canada
폭싹 속았수다,TV Show,Netflix,Drama,2025,8.7,,South Korea
푸바,TV Show,Netflix,Action & Adventure,2023,6.6,,United States
바디스,TV Show,Netflix,Crime,2023,7.1,,United Kingdom
그 여자의 집 건너편 창가에 웬 소녀가 있다,TV Show,Netflix,Mystery,2022,6.5,,United States
3%,TV Show,Netflix,Drama,2016,7.1,45.0,Brazil
어느 날 우리 집 현관으로 멸망이 들어왔다,TV Show,Netflix,Drama,2021,7.9,64.0,South Korea
괴물: 에드 게인 이야기,TV Show,Netflix,Crime,2025,7.2,,United States
괴물: 메넨데즈 형제 이야기,TV Show,Netflix,Drama,2024,7.6,,United States
영원한 항해자 에테르나우타,TV Show,Netflix,Drama,2025,7.5,,Argentina
링컨 차를 타는 변호사,TV Show,Netflix,Drama,2022,7.7,,United States
배가본드,TV Show,Netflix,Drama,2019,8.3,60.0,Morocco
점선을 따라 찢어라,TV Show,Netflix,Animation,2021,8.4,,Italy
극주부도,TV Show,Netflix,Animation,2021,8.3,,Japan
베이비시터 클럽,TV Show,Netflix,Kids,2020,7.9,,United States
마드리드 모던걸,TV Show,Netflix,Drama,2017,7.8,50.0,Spain
구미호뎐 못다한 이야기,TV Show,Netflix,Sci-Fi & Fantasy,2020,8.3,70.0,South Korea
El recluso,TV Show,Netflix,Drama,2018,7.0,60.0,Mexico
비밀의 비밀,TV Show,Netflix,Drama,2024,7.1,,United Kingdom
참드,TV Show,Netflix,Drama,2018,7.2,45.0,Canada
러브 앤 프로듀서,TV Show,Netflix,Drama,2020,8.5,23.0,South Korea
리졸리 앤 아일스,TV Show,Netflix,Crime,2010,7.9,43.0,France
All American,TV Show,Netflix,Drama,2018,8.1,43.0,United States
눈물의 여왕,TV Show,Netflix,Drama,2024,8.4,,South Korea
슈퍼키드 디온,TV Show,Netflix,Drama,2019,7.5,,United States
드래곤 길들이기: 세상 끝으로,TV Show,Netflix,Family,2015,8.4,23.0,United States
데이브레이크,TV Show,Netflix,Sci-Fi & Fantasy,2019,7.0,,United States
사상최강의 제자 켄이치,TV Show,Netflix,Action & Adventure,2006,8.4,25.0,Japan
수호자,TV Show,Netflix,Action & Adventure,2018,7.2,45.0,Turkey
칼레이도스코프,TV Show,Netflix,Crime,2023,6.8,,United States
애나 만들기,TV Show,Netflix,Drama,2022,6.8,,United States
카우보이 비밥,TV Show,Netflix,Sci-Fi & Fantasy,2021,6.5,,United States
도타: 용의 피,TV Show,Netflix,Sci-Fi & Fantasy,2021,7.7,25.0,South Korea
러브 & 데스,TV Show,Netflix,Crime,2023,7.8,,United States
지옥락,TV Show,Netflix,Animation,2023,8.2,25.0,Japan
사나운 땅의 사람들,TV Show,Netflix,Western,2025,7.7,,United States
더 리크루트,TV Show,Netflix,Drama,2022,7.5,,Canada
프로디걸 선,TV Show,Netflix,Crime,2019,8.1,45.0,United States
어나더 라이프,TV Show,Netflix,Sci-Fi & Fantasy,2019,6.1,45.0,Canada
퍼시픽 림: 어둠의 시간,TV Show,Netflix,Sci-Fi & Fantasy,2021,8.2,24.0,United States
"하이바이, 마마!",TV Show,Netflix,Sci-Fi & Fantasy,2020,8.1,70.0,South Korea
El Dragón: El regreso de un guerrero,TV Show,Netflix,Drama,2019,7.4,56.0,United States
반항아들,TV Show,Netflix,Drama,2022,7.4,39.0,Argentina
البريئة,TV Show,Netflix,Crime,2021,7.7,40.0,Spain
투 핫!,TV Show,Netflix,Reality,2020,6.6,40.0,United Kingdom
우리의 지구,TV Show,Netflix,Documentary,2019,8.5,,United Kingdom
"그녀, 안드로이드",TV Show,Netflix,Sci-Fi & Fantasy,2018,7.4,,Russia
안녕 여름,TV Show,Netflix,Drama,2020,6.8,,Italy
클릭베이트,TV Show,Netflix,Drama,2021,7.1,44.0,Australia
"로즈웰, 뉴 멕시코",TV Show,Netflix,Sci-Fi & Fantasy,2019,7.8,45.0,United States
약한영웅,TV Show,Netflix,Action & Adventure,2022,8.7,84.0,South Korea
제로 데이,TV Show,Netflix,Drama,2025,7.0,,United States
그때 그 시절 패밀리,TV Show,Netflix,Comedy,2015,7.4,26.0,France
낫 원 모어 우먼,TV Show,Netflix,Drama,2024,7.7,,Spain
제프리 엡스타인: 괴물이 된 억만장자,TV Show,Netflix,Crime,2020,7.1,56.0,United States
길모어 걸스: 한 해의 스케치,TV Show,Netflix,Drama,2016,7.3,,United States
게이브리얼의 죽음: 누구의 책임인가?,TV Show,Netflix,Documentary,2020,7.4,55.0,United States
비엔에이,TV Show,Netflix,Animation,2020,8.2,23.0,Japan
다크 크리스탈: 저항의 시대,TV Show,Netflix,Sci-Fi & Fantasy,2019,7.8,,United States
외교관,TV Show,Netflix,Drama,2023,7.6,,United States
경이로운 소문,TV Show,Netflix,Drama,2020,8.3,64.0,South Korea
도로헤도로,TV Show,Netflix,Animation,2020,8.4,24.0,Japan
글로우: 레슬링 여인 천하,TV Show,Netflix,Comedy,2017,7.3,,United States
바비의 드림하우스,TV Show,Netflix,Animation,2012,7.6,3.0,United States
NOS4A2: 노스페라투,TV Show,Netflix,Sci-Fi & Fantasy,2019,7.3,43.0,United States
메시아,TV Show,Netflix,Drama,2020,7.2,,United States
샘 & 캣,TV Show,Netflix,Comedy,2013,7.6,23.0,United States
Amar y Vivir,TV Show,Netflix,Drama,2020,7.6,,Colombia
El marginal,TV Show,Netflix,Crime,2016,8.2,60.0,Argentina
마샤와 곰,TV Show,Netflix,Animation,2009,6.9,7.0,Russia
사건수사대 Q,TV Show,Netflix,Drama,2025,7.9,,United Kingdom
Devil May Cry 데빌 메이 크라이,TV Show,Netflix,Animation,2025,8.3,,Japan
Las muñecas de la mafia,TV Show,Netflix,Drama,2009,7.5,44.0,Colombia
스캐빈저스 레인,TV Show,Netflix,Sci-Fi & Fantasy,2023,8.5,,United States
공룡킹 어드벤처,TV Show,Netflix,Animation,2007,8.2,21.0,Japan
스니키 피트,TV Show,Netflix,Drama,2015,7.5,,United States
블랙 도브,TV Show,Netflix,Action & Adventure,2024,7.1,,United Kingdom
이태원 클라쓰,TV Show,Netflix,Drama,2020,8.4,69.0,South Korea
"스콧 필그림, 날아오르다!",TV Show,Netflix,Animation,2023,8.0,,Japan
카틀라,TV Show,Netflix,Drama,2021,6.9,45.0,Iceland
위저드: 아카디아의 전설,TV Show,Netflix,Animation,2020,8.2,24.0,United States
트라이브 오브 유로파,TV Show,Netflix,Sci-Fi & Fantasy,2021,6.9,47.0,Germany
블러드라인,TV Show,Netflix,Drama,2015,7.1,60.0,United States
우주의 영웅들: 새로운 진실,TV Show,Netflix,Action & Adventure,2021,6.5,25.0,United States
리플리: 더 시리즈,TV Show,Netflix,Drama,2024,7.9,,Switzerland
패러다이스의 경찰들,TV Show,Netflix,Comedy,2018,7.2,,United States
데리 걸스,TV Show,Netflix,Comedy,2018,8.1,23.0,United Kingdom
착오,TV Show,Netflix,Drama,2015,6.7,52.0,Australia
언테임드,TV Show,Netflix,Mystery,2025,7.2,,United States
살인을 말하다: 테드 번디 테이프,TV Show,Netflix,Documentary,2019,7.5,60.0,United States
그리셀다,TV Show,Netflix,Drama,2024,7.2,,United States
비밀의 도시,TV Show,Netflix,Mystery,2021,7.2,36.0,Brazil
바이오해커스,TV Show,Netflix,Drama,2020,7.3,,Germany
더 서펀트,TV Show,Netflix,Drama,2021,7.4,,United Kingdom
앱센시아,TV Show,Netflix,Crime,2017,7.2,,Canada
내 이웃의 비밀,TV Show,Netflix,Drama,2018,6.9,,United Kingdom
크라임 씬: 세실 호텔 실종 사건,TV Show,Netflix,Documentary,2021,7.0,54.0,United States
컵헤드 쇼!,TV Show,Netflix,Animation,2022,8.0,14.0,Canada
무브 투 헤븐: 나는 유품정리사입니다,TV Show,Netflix,Drama,2021,8.0,52.0,South Korea
인사이드 맨,TV Show,Netflix,Drama,2022,6.8,60.0,United Kingdom
스타트업,TV Show,Netflix,Drama,2020,8.2,72.0,South Korea
마법소녀 마도카☆마기카,TV Show,Netflix,Animation,2011,8.0,25.0,Japan
Nuevo Rico Nuevo Pobre,TV Show,Netflix,Comedy,2007,7.8,,Colombia
사이키 쿠스오의 재난,TV Show,Netflix,Animation,2016,8.3,23.0,Japan
그레이스 앤 프랭키,TV Show,Netflix,Comedy,2015,7.7,32.0,United States
사랑하는 아이,TV Show,Netflix,Crime,2023,7.3,48.0,Germany
나이트 스토커: 연쇄살인범을 추적하다,TV Show,Netflix,Documentary,2021,7.5,48.0,United States
틴에이지 바운티 헌터스,TV Show,Netflix,Comedy,2020,7.7,49.0,United States
어느 날 월터 형제들과 살게 됐다,TV Show,Netflix,Drama,2023,7.8,,Canada
카오스,TV Show,Netflix,Comedy,2024,7.3,,United Kingdom
어웨이,TV Show,Netflix,Sci-Fi & Fantasy,2020,6.6,60.0,United States
뱀파이어와의 인터뷰,TV Show,Netflix,Drama,2022,7.5,,United States
소닉 붐,TV Show,Netflix,Action & Adventure,2014,7.4,11.0,United States
이레귤러스,TV Show,Netflix,Drama,2021,7.1,53.0,United Kingdom
WWE Raw,TV Show,Netflix,Reality,1993,6.8,,United States
자정 클럽,TV Show,Netflix,Mystery,2022,6.7,,United States
너에게 닿기를,TV Show,Netflix,Animation,2009,8.4,,Japan
그레이스,TV Show,Netflix,Crime,2017,7.2,46.0,Canada
리빙 위드 유어셀프,TV Show,Netflix,Comedy,2019,6.8,25.0,United States
대시 & 릴리,TV Show,Netflix,Comedy,2020,7.8,,United States
뱀파이어들,TV Show,Netflix,Sci-Fi & Fantasy,2020,7.4,40.0,France
나의 특별한 힐링 친구,TV Show,Netflix,Kids,2020,7.1,30.0,
"오, 할리우드",TV Show,Netflix,Drama,2020,7.2,50.0,United States
아인,TV Show,Netflix,Animation,2016,7.9,24.0,Japan
Little Mix: The Search,TV Show,Netflix,Crime,2020,7.2,42.0,Mexico
V-워,TV Show,Netflix,Sci-Fi & Fantasy,2019,7.3,42.0,United States
오스만 제국의 꿈,TV Show,Netflix,Documentary,2020,7.5,44.0,United States
슬래셔,TV Show,Netflix,Mystery,2016,6.7,45.0,Canada
코민스키 메소드,TV Show,Netflix,Comedy,2018,7.5,,United States
셀프 메이드: 마담 C. J. 워커,TV Show,Netflix,Drama,2020,7.4,,United States
프런티어,TV Show,Netflix,Action & Adventure,2016,6.8,,Canada
앤 라이스의 메이페어 마녀들,TV Show,Netflix,Drama,2023,7.3,,United States
더 스파이,TV Show,Netflix,Drama,2019,7.4,54.0,Belgium
클로저,TV Show,Netflix,Crime,2005,7.9,46.0,United States
퍼스트 킬,TV Show,Netflix,Drama,2022,7.7,,United States
아메리칸 반달리즘,TV Show,Netflix,Comedy,2017,7.4,,United States
블랙키시,TV Show,Netflix,Comedy,2014,7.1,23.0,United States
스물다섯 스물하나,TV Show,Netflix,Drama,2022,8.4,75.0,South Korea
"엘리트들, 못다 한 이야기: 카를라 사무엘",TV Show,Netflix,Drama,2021,7.4,15.0,Spain
풀리지 않은 미스터리,TV Show,Netflix,Documentary,2020,7.7,,United States
마야와 3인의 용사,TV Show,Netflix,Animation,2021,7.9,,Mexico
러브,TV Show,Netflix,Comedy,2016,7.1,32.0,United States
뱀파이어 기사,TV Show,Netflix,Animation,2008,8.2,24.0,Japan
닥터스,TV Show,Netflix,Drama,2016,8.1,60.0,South Korea
블러드 & 워터,TV Show,Netflix,Drama,2020,7.8,48.0,South Africa
아이 앰 조르지나,TV Show,Netflix,Reality,2022,7.1,40.0,
일본 침몰 2020,TV Show,Netflix,Sci-Fi & Fantasy,2020,7.2,24.0,Japan
던전밥,TV Show,Netflix,Animation,2024,8.4,26.0,Japan
스핀 아웃,TV Show,Netflix,Drama,2020,7.9,,United States
The 8 Show,TV Show,Netflix,Mystery,2024,7.2,,South Korea
사카모토 데이즈,TV Show,Netflix,Animation,2025,8.1,,Japan
폴다크,TV Show,Netflix,Drama,2015,7.7,60.0,United Kingdom
기생수: 더 그레이,TV Show,Netflix,Sci-Fi & Fantasy,2024,7.4,50.0,South Korea
웰컴 투 에덴,TV Show,Netflix,Action & Adventure,2022,7.0,41.0,Spain
"엘리트들, 못다 한 이야기: 구스만 카예 레베",TV Show,Netflix,Drama,2021,7.9,15.0,Spain
핍의 살인 사건 안내서,TV Show,Netflix,Drama,2024,7.4,,Germany
본딩,TV Show,Netflix,Drama,2019,6.9,18.0,United States
트레일러 파크 보이즈,TV Show,Netflix,Comedy,2001,7.7,22.0,Canada
완전무결한 커플,TV Show,Netflix,Drama,2024,6.7,,United States
빅 쇼 패밀리,TV Show,Netflix,Comedy,2020,7.5,27.0,United States
초자연 현상의 목격자들,TV Show,Netflix,Documentary,2018,6.9,25.0,Czech Republic
록우드 심령 회사,TV Show,Netflix,Sci-Fi & Fantasy,2023,7.6,43.0,United Kingdom
그렇게 사건 현장이 되어 버렸다,TV Show,Netflix,Comedy,2025,7.6,,United States
경성크리처,TV Show,Netflix,Sci-Fi & Fantasy,2023,7.9,,South Korea
잭 에프론의 다운 투 어스,TV Show,Netflix,Documentary,2020,7.7,39.0,United States
클럽 디 쿠에르보스,TV Show,Netflix,Drama,2015,8.4,40.0,United States
데드 보이 탐정단,TV Show,Netflix,Drama,2024,7.7,,United States
I-랜드,TV Show,Netflix,Drama,2019,5.5,42.0,Canada
파이어플라이 레인,TV Show,Netflix,Drama,2021,7.8,,Canada
일하는 세포,TV Show,Netflix,Animation,2018,8.1,24.0,Japan
화유기,TV Show,Netflix,Comedy,2017,8.1,75.0,South Korea
샤먼킹,TV Show,Netflix,Animation,2021,8.2,23.0,Japan
우리가 볼 수 없는 모든 빛,TV Show,Netflix,Drama,2023,7.4,,United States
택배기사,TV Show,Netflix,Drama,2023,7.4,47.0,South Korea
원 데이,TV Show,Netflix,Drama,2024,7.7,,United Kingdom
브랜드 뉴 체리 플레이버,TV Show,Netflix,Drama,2021,7.0,,United States
사무라이의 시대,TV Show,Netflix,Documentary,2021,7.1,45.0,Canada
고대의 외계인,TV Show,Netflix,Documentary,2010,7.0,42.0,United States
소닉 X,TV Show,Netflix,Animation,2003,7.6,25.0,Japan
트랜스포머: 워 포 사이버트론: 포위 작전,TV Show,Netflix,Animation,2020,7.5,24.0,Japan
오쇼 라즈니쉬의 문제적 유토피아,TV Show,Netflix,Documentary,2018,7.7,67.0,United States
닥터 이방인,TV Show,Netflix,Drama,2014,8.1,65.0,South Korea
전당포 사나이들,TV Show,Netflix,Reality,2009,7.1,,United States
연모,TV Show,Netflix,Drama,2021,8.1,70.0,South Korea
지금 거신 전화는,TV Show,Netflix,Drama,2024,8.3,70.0,South Korea
외모지상주의,TV Show,Netflix,Comedy,2022,8.3,,South Korea
프로이트의 살인 해석,TV Show,Netflix,Crime,2020,7.1,52.0,Austria
트링킷,TV Show,Netflix,Drama,2019,7.6,,United States
예감,TV Show,Netflix,Soap,2022,7.7,45.0,Spain
에릭,TV Show,Netflix,Drama,2024,7.0,,United Kingdom
Danger Force,TV Show,Netflix,Comedy,2020,7.9,23.0,United States
네가 남긴 혼돈,TV Show,Netflix,Drama,2020,6.9,45.0,Spain
옥토버 팩션,TV Show,Netflix,Sci-Fi & Fantasy,2020,6.6,40.0,United States
초자연 현상의 목격자들: 라틴아메리카,TV Show,Netflix,Reality,2021,7.3,35.0,Mexico
빅토리아,TV Show,Netflix,Drama,2016,7.4,45.0,United Kingdom
릴리해머,TV Show,Netflix,Drama,2012,7.3,,Norway
네이마르: 퍼펙트 카오스,TV Show,Netflix,Documentary,2022,7.3,51.0,Brazil
판타스틱 하이스쿨,TV Show,Netflix,Drama,2018,7.2,,United States
마르첼라,TV Show,Netflix,Crime,2016,6.9,45.0,United Kingdom
세상이 이래도 난 끄떡없어,TV Show,Netflix,Animation,2023,8.1,,Italy
살인을 말하다: 제프리 다머 테이프,TV Show,Netflix,Documentary,2022,7.8,,United States
Bolívar,TV Show,Netflix,Drama,2019,7.6,52.0,
낮과 밤의 시간,TV Show,Netflix,Sci-Fi & Fantasy,2020,7.1,47.0,Denmark
스테이 클로즈,TV Show,Netflix,Drama,2021,7.0,,United Kingdom
리얼리티 Z,TV Show,Netflix,Sci-Fi & Fantasy,2020,6.6,30.0,Brazil
더 랜치,TV Show,Netflix,Comedy,2016,7.4,,United States
Total Drama Island,TV Show,Netflix,Animation,2007,7.5,22.0,Canada
5인의 후아나,TV Show,Netflix,Drama,2021,7.3,34.0,Mexico
라팔마,TV Show,Netflix,Drama,2024,6.8,44.0,Norway
캐슬바니아: 녹턴,TV Show,Netflix,Animation,2023,7.8,,United States
GTO 반항하지마,TV Show,Netflix,Animation,1999,8.4,24.0,Japan
스테어케이스,TV Show,Netflix,Drama,2022,7.0,,United States
입에서 입으로,TV Show,Netflix,Drama,2020,7.0,40.0,Brazil
이웃과의 전쟁,TV Show,Netflix,Comedy,2021,7.2,31.0,Mexico
우린 반대야,TV Show,Netflix,Comedy,2024,7.3,,United States
Perdida,TV Show,Netflix,Drama,2020,6.9,50.0,Spain
이블 지니어스: 누가 피자맨을 죽였나?,TV Show,Netflix,Documentary,2018,7.3,48.0,United States
여총리 비르기트,TV Show,Netflix,Drama,2010,8.1,60.0,Denmark
카산드라,TV Show,Netflix,Sci-Fi & Fantasy,2025,7.1,,Germany
스타트 업,TV Show,Netflix,Crime,2016,7.2,45.0,United States
하이 스코어,TV Show,Netflix,Documentary,2020,7.4,,United States
소년 기사와 비밀 편지,TV Show,Netflix,Sci-Fi & Fantasy,2020,6.8,47.0,United Kingdom
크리스마스에 집에 가려면,TV Show,Netflix,Drama,2019,7.4,,Norway
스위트 매그놀리아,TV Show,Netflix,Drama,2020,7.7,,United States
마이크 앤 몰리,TV Show,Netflix,Comedy,2010,6.7,22.0,United States
D.P.,TV Show,Netflix,Drama,2021,8.0,50.0,South Korea
야스케,TV Show,Netflix,Animation,2021,7.3,,Japan
콜 더 미드와이프,TV Show,Netflix,Drama,2012,7.5,52.0,United Kingdom
슈퍼셀,TV Show,Netflix,Action & Adventure,2024,7.4,,United Kingdom
종이의 집: 도쿄에서 베를린까지,TV Show,Netflix,Documentary,2021,8.2,,Spain
트리즌,TV Show,Netflix,Drama,2022,6.8,,United Kingdom
에일리언 월드,TV Show,Netflix,Documentary,2020,6.8,42.0,United Kingdom
판테온,TV Show,Netflix,Animation,2022,8.1,,United States
쿵푸팬더: 용의 기사,TV Show,Netflix,Animation,2022,7.5,24.0,United States
사랑하는 작고 예쁜 것들,TV Show,Netflix,Drama,2020,7.3,59.0,United States
쟈니 테스트,TV Show,Netflix,Animation,2005,6.4,11.0,Canada
"오, 발레리아",TV Show,Netflix,Comedy,2020,7.4,45.0,Spain
오란고교 호스트부,TV Show,Netflix,Animation,2006,8.1,23.0,Japan
펜트하우스,TV Show,Netflix,Drama,2020,8.3,70.0,South Korea
파우다: 혼돈,TV Show,Netflix,Drama,2015,7.5,43.0,Israel
내쉬빌,TV Show,Netflix,Drama,2012,6.7,42.0,United States
세나,TV Show,Netflix,Drama,2024,8.1,,Brazil
수부라,TV Show,Netflix,Crime,2017,7.4,,Italy
아놀드,TV Show,Netflix,Documentary,2023,7.9,,United States
러브 앤 아나키,TV Show,Netflix,Comedy,2020,7.1,29.0,Sweden
크리미널: 영국,TV Show,Netflix,Crime,2019,7.2,43.0,United Kingdom
신성한 게임,TV Show,Netflix,Drama,2018,7.8,50.0,India
너스 재키,TV Show,Netflix,Drama,2009,7.1,30.0,United Kingdom
국가 기밀 UFO 프로젝트: 극비 공개,TV Show,Netflix,Documentary,2021,7.3,45.0,
엄마친구아들,TV Show,Netflix,Drama,2024,8.0,80.0,South Korea
아나토미 오브 스캔들,TV Show,Netflix,Drama,2022,7.0,45.0,United States
Elvestads OL,TV Show,Netflix,Drama,2021,6.9,,Denmark
필 굿,TV Show,Netflix,Drama,2020,7.2,25.0,United Kingdom
영거,TV Show,Netflix,Drama,2015,6.9,21.0,United States
폭군의 셰프,TV Show,Netflix,Drama,2025,8.7,80.0,South Korea
세븐시즈,TV Show,Netflix,Animation,2019,7.7,24.0,Japan
크래싱,TV Show,Netflix,Comedy,2016,7.1,25.0,United Kingdom
폭군이 되는 법,TV Show,Netflix,Documentary,2021,7.4,30.0,United States
내 안의 괴물,TV Show,Netflix,Drama,2025,7.2,,United States
투투장부주,TV Show,Netflix,Drama,2023,8.5,45.0,China
은혼,TV Show,Netflix,Animation,2006,8.1,24.0,Japan
청춘기록,TV Show,Netflix,Drama,2020,8.1,70.0,South Korea
루나 네라,TV Show,Netflix,Sci-Fi & Fantasy,2020,7.6,45.0,
플루토,TV Show,Netflix,Animation,2023,7.8,,Japan
턴,TV Show,Netflix,War & Politics,2014,7.1,,United States
The Venture Bros.,TV Show,Netflix,Animation,2004,7.8,22.0,United States
데릭,TV Show,Netflix,Comedy,2013,7.6,24.0,United Kingdom
데빌 인 오하이오,TV Show,Netflix,Crime,2022,6.5,,United States
소년심판,TV Show,Netflix,Drama,2022,8.0,61.0,South Korea
누군가 죽어야 한다,TV Show,Netflix,Drama,2020,7.0,50.0,Mexico
힐다,TV Show,Netflix,Animation,2018,8.4,27.0,Canada
페리아: 가장 어두운 빛,TV Show,Netflix,Sci-Fi & Fantasy,2022,6.6,56.0,Spain
더 울프 오브 월 스트리트,Movie,Amazon Prime Video,Crime,2013,8.0,180.0,United States
메멘토,Movie,Amazon Prime Video,Mystery,2000,8.2,113.0,United States
나이브스 아웃,Movie,Amazon Prime Video,Comedy,2019,7.8,131.0,United States
도니 다코,Movie,Amazon Prime Video,Fantasy,2001,7.8,114.0,United States
노트북,Movie,Amazon Prime Video,Romance,2004,7.9,123.0,United States
리미트리스,Movie,Amazon Prime Video,Thriller,2011,7.2,106.0,United States
미스터 & 미세스 스미스,Movie,Amazon Prime Video,Action,2005,6.7,120.0,Switzerland
더 이퀄라이저,Movie,Amazon Prime Video,Thriller,2014,7.3,132.0,United States
트리플 엑스 리턴즈,Movie,Amazon Prime Video,Action,2017,6.1,107.0,Canada
달라스 바이어스 클럽,Movie,Amazon Prime Video,Drama,2013,7.9,117.0,United States
포드 V 페라리,Movie,Amazon Prime Video,Drama,2019,8.0,153.0,United States
클로버필드 10번지,Movie,Amazon Prime Video,Thriller,2016,7.0,104.0,United States
베이워치: SOS 해상 구조대,Movie,Amazon Prime Video,Comedy,2017,6.1,116.0,United States
히트,Movie,Amazon Prime Video,Crime,1995,7.9,170.0,United States
뜨거운 녀석들,Movie,Amazon Prime Video,Crime,2007,7.6,121.0,France
127시간,Movie,Amazon Prime Video,Adventure,2010,7.1,94.0,France
러시: 더 라이벌,Movie,Amazon Prime Video,Drama,2013,7.7,123.0,United Kingdom
백악관 최후의 날,Movie,Amazon Prime Video,Action,2013,6.4,120.0,United States
맘마미아!,Movie,Amazon Prime Video,Comedy,2008,7.0,108.0,Germany
트랜스포머: 최후의 기사,Movie,Amazon Prime Video,Action,2017,6.1,154.0,United States
맨체스터 바이 더 씨,Movie,Amazon Prime Video,Drama,2016,7.6,138.0,United States
아포칼립토,Movie,Amazon Prime Video,Action,2006,7.6,138.0,United Kingdom
더 메뉴,Movie,Amazon Prime Video,Comedy,2022,7.2,107.0,United States
배틀쉽,Movie,Amazon Prime Video,Thriller,2012,5.9,131.0,Japan
아일랜드,Movie,Amazon Prime Video,Action,2005,6.7,136.0,United States
이스케이프 플랜,Movie,Amazon Prime Video,Action,2013,6.7,115.0,United Kingdom
28주 후,Movie,Amazon Prime Video,Horror,2007,6.6,99.0,United Kingdom
그레이트 월,Movie,Amazon Prime Video,Action,2016,6.0,103.0,China
애프터: 그 후,Movie,Amazon Prime Video,Drama,2020,7.2,105.0,United States
제미니 맨,Movie,Amazon Prime Video,Science Fiction,2019,6.3,117.0,United States
로드 오브 워,Movie,Amazon Prime Video,Crime,2005,7.3,122.0,France
잭 리처: 네버 고 백,Movie,Amazon Prime Video,Action,2016,6.0,118.0,China
일루셔니스트,Movie,Amazon Prime Video,Fantasy,2006,7.3,110.0,United States
이스케이프 룸,Movie,Amazon Prime Video,Horror,2019,6.5,99.0,United States
크리스마스 캐롤,Movie,Amazon Prime Video,Animation,2009,6.9,96.0,United States
허쉬,Movie,Amazon Prime Video,Horror,2016,6.7,82.0,United States
퍼블릭 에너미,Movie,Amazon Prime Video,Crime,2009,6.7,140.0,United States
파이터,Movie,Amazon Prime Video,Drama,2010,7.4,116.0,United States
씨너스: 죄인들,Movie,Amazon Prime Video,Horror,2025,7.5,138.0,United States
돈 존,Movie,Amazon Prime Video,Romance,2013,6.0,90.0,United States
금발이 너무해,Movie,Amazon Prime Video,Comedy,2001,6.8,96.0,United States
러브 앤 몬스터스,Movie,Amazon Prime Video,Adventure,2020,7.3,109.0,United States
글래디에이터 II,Movie,Amazon Prime Video,Action,2024,6.6,148.0,United States
킬링 디어,Movie,Amazon Prime Video,Drama,2017,7.0,121.0,United Kingdom
매치 포인트,Movie,Amazon Prime Video,Drama,2005,7.4,124.0,United Kingdom
시빌 워: 분열의 시대,Movie,Amazon Prime Video,War,2024,6.9,109.0,Finland
아가씨,Movie,Amazon Prime Video,Thriller,2016,8.2,145.0,South Korea
다운폴,Movie,Amazon Prime Video,Drama,2004,7.9,155.0,Austria
더 로드,Movie,Amazon Prime Video,Adventure,2009,7.0,111.0,United States
워크 투 리멤버,Movie,Amazon Prime Video,Drama,2002,7.8,102.0,United States
비키퍼,Movie,Amazon Prime Video,Action,2024,7.3,106.0,United Kingdom
에너미 오브 스테이트,Movie,Amazon Prime Video,Action,1998,7.1,132.0,United Kingdom
씬 시티: 다크히어로의 부활,Movie,Amazon Prime Video,Action,2014,6.4,102.0,United States
내일의 전쟁,Movie,Amazon Prime Video,Action,2021,7.5,138.0,United States
아이언 마스크,Movie,Amazon Prime Video,Adventure,1998,6.7,132.0,United States
나의 잘못,Movie,Amazon Prime Video,Drama,2023,7.7,116.0,Spain
바벨,Movie,Amazon Prime Video,Drama,2006,7.2,143.0,France
몰리스 게임,Movie,Amazon Prime Video,Drama,2017,7.2,141.0,United States
비긴 어게인,Movie,Amazon Prime Video,Comedy,2014,7.2,104.0,United States
네온 데몬,Movie,Amazon Prime Video,Horror,2016,6.5,118.0,United States
세이프 하우스,Movie,Amazon Prime Video,Action,2012,6.5,115.0,United States
공각기동대,Movie,Amazon Prime Video,Action,1995,7.9,83.0,Japan
세레니티,Movie,Amazon Prime Video,Science Fiction,2005,7.4,119.0,United States
트롤,Movie,Amazon Prime Video,Adventure,2016,6.6,92.0,United States
バトル・ロワイアル外伝,Movie,Amazon Prime Video,Drama,2000,7.3,113.0,Japan
스타게이트,Movie,Amazon Prime Video,Action,1994,7.0,121.0,United States
"Astérix et Obélix : Mission Cléopâtre, le comankonafé",Movie,Amazon Prime Video,Family,2002,7.4,108.0,France
디재스터 아티스트,Movie,Amazon Prime Video,Comedy,2017,7.1,104.0,United States
원 배틀 애프터 어나더,Movie,Amazon Prime Video,Thriller,2025,7.4,162.0,United States
리멤버 미,Movie,Amazon Prime Video,Drama,2010,7.1,113.0,United States
엔드 오브 왓치,Movie,Amazon Prime Video,Crime,2012,7.4,109.0,United States
오토라는 남자,Movie,Amazon Prime Video,Comedy,2022,7.8,126.0,Sweden
사랑보다 아름다운 유혹,Movie,Amazon Prime Video,Drama,1999,6.8,97.0,United States
미드나잇 선,Movie,Amazon Prime Video,Romance,2018,7.8,92.0,United States
쿵푸팬더 4,Movie,Amazon Prime Video,Action,2024,7.0,94.0,United States
아티스트,Movie,Amazon Prime Video,Drama,2011,7.4,100.0,Belgium
아쿠아맨과 로스트 킹덤,Movie,Amazon Prime Video,Action,2023,6.5,124.0,United States
더 기프트,Movie,Amazon Prime Video,Thriller,2015,6.7,108.0,Australia
웨폰,Movie,Amazon Prime Video,Horror,2025,7.3,128.0,United States
평행이론: 도플갱어 살인,Movie,Amazon Prime Video,Thriller,2014,7.2,89.0,United Kingdom
신데렐라 스토리,Movie,Amazon Prime Video,Comedy,2004,6.6,95.0,United States
콰이어트 플레이스: 첫째 날,Movie,Amazon Prime Video,Horror,2024,6.6,100.0,United States
나인스 게이트,Movie,Amazon Prime Video,Mystery,1999,6.5,133.0,Spain
이모티: 더 무비,Movie,Amazon Prime Video,Animation,2017,5.4,86.0,United States
사이드 이펙트,Movie,Amazon Prime Video,Thriller,2013,6.6,106.0,United States
수퍼 소닉 3,Movie,Amazon Prime Video,Action,2024,7.6,110.0,United States
히트맨: 에이전트 47,Movie,Amazon Prime Video,Action,2015,5.9,96.0,United Kingdom
지퍼스 크리퍼스,Movie,Amazon Prime Video,Horror,2001,6.5,90.0,United States
쉬즈 더  맨,Movie,Amazon Prime Video,Comedy,2006,6.8,105.0,United States
렛 미 인,Movie,Amazon Prime Video,Horror,2008,7.5,115.0,Germany
인스턴트 패밀리,Movie,Amazon Prime Video,Comedy,2018,7.5,118.0,United States
밀레니엄: 제1부 여자를 증오한 남자들,Movie,Amazon Prime Video,Drama,2009,7.5,152.0,Denmark
슈퍼배드 4,Movie,Amazon Prime Video,Action,2024,7.0,94.0,United States
밤쉘: 세상을 바꾼 폭탄선언,Movie,Amazon Prime Video,Drama,2019,6.8,109.0,Canada
그루지,Movie,Amazon Prime Video,Horror,2004,5.9,92.0,United States
오큘러스,Movie,Amazon Prime Video,Horror,2014,6.5,104.0,United States
호텔 르완다,Movie,Amazon Prime Video,Drama,2004,7.7,122.0,United States
후드,Movie,Amazon Prime Video,Adventure,2018,5.9,116.0,United States
오버로드,Movie,Amazon Prime Video,Horror,2018,6.7,110.0,United States
비틀쥬스 비틀쥬스,Movie,Amazon Prime Video,Comedy,2024,6.9,105.0,United States
위험한 패밀리,Movie,Amazon Prime Video,Crime,2013,6.4,111.0,France
잃어버린 도시 Z,Movie,Amazon Prime Video,Adventure,2017,6.4,141.0,United States
케빈에 대하여,Movie,Amazon Prime Video,Drama,2011,7.5,113.0,United Kingdom
로드 하우스,Movie,Amazon Prime Video,Action,2024,6.9,121.0,United States
레드 원,Movie,Amazon Prime Video,Action,2024,7.0,124.0,United States
너는 여기에 없었다,Movie,Amazon Prime Video,Crime,2017,6.5,89.0,United Kingdom
아더와 미니모이: 비밀 원정대의 출정,Movie,Amazon Prime Video,Adventure,2006,6.4,94.0,France
몬스터 호텔: 뒤바뀐 세계,Movie,Amazon Prime Video,Animation,2022,7.0,92.0,United States
툼스톤,Movie,Amazon Prime Video,Crime,2014,6.3,114.0,United States
A MINECRAFT MOVIE 마인크래프트 무비,Movie,Amazon Prime Video,Family,2025,6.3,101.0,Sweden
데드 캠프,Movie,Amazon Prime Video,Horror,2003,6.4,84.0,Germany
네번의 결혼식과 한번의 장례식,Movie,Amazon Prime Video,Comedy,1994,6.8,117.0,United Kingdom
트라이앵글,Movie,Amazon Prime Video,Horror,2009,6.9,99.0,Australia
라스트 스탠드,Movie,Amazon Prime Video,Action,2013,6.1,107.0,United States
스파이 지니어스,Movie,Amazon Prime Video,Animation,2019,7.6,102.0,United States
테리파이어,Movie,Amazon Prime Video,Horror,2018,6.3,84.0,United States
아메리칸 울트라,Movie,Amazon Prime Video,Action,2015,6.1,96.0,Switzerland
솔트번,Movie,Amazon Prime Video,Drama,2023,7.0,131.0,United Kingdom
맨 프럼 어스,Movie,Amazon Prime Video,Science Fiction,2007,7.6,87.0,United States
롱 샷,Movie,Amazon Prime Video,Comedy,2019,6.7,125.0,United States
뷰티풀 보이,Movie,Amazon Prime Video,Drama,2018,7.5,121.0,United States
백 투 더 비기닝,Movie,Amazon Prime Video,Science Fiction,2015,6.8,106.0,United States
보랏 속편,Movie,Amazon Prime Video,Comedy,2020,6.4,96.0,United States
47미터,Movie,Amazon Prime Video,Horror,2017,5.8,89.0,Dominican Republic
사운드 오브 메탈,Movie,Amazon Prime Video,Drama,2020,7.7,121.0,United States
미션 임파서블: 파이널 레코닝,Movie,Amazon Prime Video,Action,2025,7.2,170.0,United States
카페 소사이어티,Movie,Amazon Prime Video,Comedy,2016,6.4,97.0,United States
맨 온 렛지,Movie,Amazon Prime Video,Action,2012,6.4,102.0,United States
펜스,Movie,Amazon Prime Video,Drama,2016,6.9,139.0,Canada
데스 위시,Movie,Amazon Prime Video,Action,2018,6.2,107.0,United States
삼총사,Movie,Amazon Prime Video,Adventure,2011,5.8,110.0,United States
서스페리아,Movie,Amazon Prime Video,Horror,2018,6.9,152.0,Italy
모데카이,Movie,Amazon Prime Video,Comedy,2015,5.5,107.0,United States
에이바,Movie,Amazon Prime Video,Action,2020,5.8,96.0,United States
사운드 오브 프리덤,Movie,Amazon Prime Video,Action,2023,8.0,131.0,United States
LOL,Movie,Amazon Prime Video,Drama,2012,6.1,97.0,United States
핫 텁 타임머신,Movie,Amazon Prime Video,Science Fiction,2010,6.0,101.0,United States
저지 드레드,Movie,Amazon Prime Video,Science Fiction,1995,5.9,96.0,United States
톰 클랜시의 복수,Movie,Amazon Prime Video,Action,2021,6.9,110.0,United States
택시,Movie,Amazon Prime Video,Action,1998,6.7,86.0,France
분닥 세인트,Movie,Amazon Prime Video,Action,1999,7.3,108.0,Canada
브론슨의 고백,Movie,Amazon Prime Video,Drama,2009,7.0,92.0,United Kingdom
유아 넥스트,Movie,Amazon Prime Video,Horror,2013,6.6,94.0,United Kingdom
베스와 베라,Movie,Amazon Prime Video,Horror,2018,7.4,91.0,Canada
하드코어 헨리,Movie,Amazon Prime Video,Action,2015,6.4,97.0,Russia
팬도럼,Movie,Amazon Prime Video,Action,2009,6.6,108.0,Germany
시즌 오브 더 위치: 마녀호송단,Movie,Amazon Prime Video,Adventure,2011,5.5,95.0,United States
빅 식,Movie,Amazon Prime Video,Comedy,2017,7.3,120.0,United States
존 오브 인터레스트,Movie,Amazon Prime Video,Drama,2023,7.0,105.0,United States
업사이드 다운,Movie,Amazon Prime Video,Romance,2012,6.3,104.0,Canada
링스,Movie,Amazon Prime Video,Horror,2017,5.0,102.0,United States
잡스,Movie,Amazon Prime Video,Drama,2013,6.1,129.0,Switzerland
나이스 가이 노빗,Movie,Amazon Prime Video,Comedy,2007,5.7,102.0,United States
지그라 불린 사나이,Movie,Amazon Prime Video,Science Fiction,2016,7.4,112.0,Italy
"알로, 슈티",Movie,Amazon Prime Video,Comedy,2008,6.7,106.0,France
네 무덤에 침을 뱉어라,Movie,Amazon Prime Video,Thriller,2010,6.5,108.0,United States
건즈 아킴보,Movie,Amazon Prime Video,Action,2020,6.4,98.0,Belgium
스페이스 비트윈 어스,Movie,Amazon Prime Video,Romance,2017,7.0,121.0,China
스트레인저 댄 픽션,Movie,Amazon Prime Video,Drama,2006,7.3,113.0,United Kingdom
언힌지드,Movie,Amazon Prime Video,Action,2020,6.4,90.0,United States
무비 43,Movie,Amazon Prime Video,Comedy,2013,4.7,98.0,United States
엽문 2,Movie,Amazon Prime Video,Action,2010,7.5,108.0,China
테리파이어 2,Movie,Amazon Prime Video,Horror,2022,6.7,138.0,United States
유령 작가,Movie,Amazon Prime Video,Thriller,2010,6.8,128.0,France
혼스,Movie,Amazon Prime Video,Drama,2013,6.3,120.0,United States
밀크,Movie,Amazon Prime Video,History,2008,7.2,128.0,United States
"흡연, 감사합니다",Movie,Amazon Prime Video,Comedy,2005,7.2,92.0,United Kingdom
커밍 2 아메리카,Movie,Amazon Prime Video,Comedy,2021,6.3,108.0,United States
솔러스,Movie,Amazon Prime Video,Thriller,2015,6.4,101.0,United States
레이니 데이 인 뉴욕,Movie,Amazon Prime Video,Comedy,2019,6.5,92.0,United States
스파이 게임,Movie,Amazon Prime Video,Action,2001,6.9,126.0,France
에어,Movie,Amazon Prime Video,Drama,2023,7.3,112.0,United States
내 인생 특별한 숲속 여행,Movie,Amazon Prime Video,Adventure,2016,7.6,101.0,New Zealand
도그맨,Movie,Amazon Prime Video,Crime,2018,7.5,103.0,Italy
크레이지,Movie,Amazon Prime Video,Mystery,2010,6.3,101.0,United Arab Emirates
더 보이즈,TV Show,Amazon Prime Video,Sci-Fi & Fantasy,2019,8.5,,United States
수퍼내추럴,TV Show,Amazon Prime Video,Drama,2005,8.3,45.0,United States
하우스,TV Show,Amazon Prime Video,Drama,2004,8.6,44.0,United States
아메리칸 호러 스토리,TV Show,Amazon Prime Video,Drama,2011,8.1,,United States
나루토,TV Show,Amazon Prime Video,Animation,2002,8.4,24.0,Japan
인빈시블,TV Show,Amazon Prime Video,Animation,2021,8.6,,Canada
피어 더 워킹 데드,TV Show,Amazon Prime Video,Action & Adventure,2015,7.6,,United States
데스노트,TV Show,Amazon Prime Video,Animation,2006,8.6,22.0,Japan
아바타 아앙의 전설,TV Show,Amazon Prime Video,Animation,2005,8.8,24.0,South Korea
틴 울프,TV Show,Amazon Prime Video,Sci-Fi & Fantasy,2011,8.4,,United States
크리미널 마인드,TV Show,Amazon Prime Video,Crime,2005,8.3,,United States
반지의 제왕: 힘의 반지,TV Show,Amazon Prime Video,Action & Adventure,2022,7.2,,United States
오리지널스,TV Show,Amazon Prime Video,Sci-Fi & Fantasy,2013,8.6,45.0,United States
그림형제,TV Show,Amazon Prime Video,Drama,2011,8.3,45.0,United States
본즈,TV Show,Amazon Prime Video,Crime,2005,8.2,,United States
네모바지 스폰지밥,TV Show,Amazon Prime Video,Animation,1999,7.7,,United States
한니발,TV Show,Amazon Prime Video,Drama,2013,8.3,45.0,United States
리처,TV Show,Amazon Prime Video,Action & Adventure,2022,8.1,,United States
폴아웃,TV Show,Amazon Prime Video,Action & Adventure,2024,8.1,,United States
익스팬스,TV Show,Amazon Prime Video,Drama,2015,8.1,,Canada
시카고 PD,TV Show,Amazon Prime Video,Crime,2014,8.4,,United States
참드,TV Show,Amazon Prime Video,Comedy,1998,8.2,,United States
시간의 수레바퀴,TV Show,Amazon Prime Video,Sci-Fi & Fantasy,2021,7.6,,United States
멋진 징조들,TV Show,Amazon Prime Video,Comedy,2019,8.0,,United Kingdom
헌터x헌터,TV Show,Amazon Prime Video,Animation,2011,8.7,24.0,Japan
캐슬,TV Show,Amazon Prime Video,Drama,2009,8.0,,United States
이누야샤,TV Show,Amazon Prime Video,Animation,2000,8.6,24.0,Japan
위기의 주부들,TV Show,Amazon Prime Video,Mystery,2004,7.9,42.0,United States
퍼슨 오브 인터레스트,TV Show,Amazon Prime Video,Drama,2011,8.1,,United States
굿 플레이스,TV Show,Amazon Prime Video,Sci-Fi & Fantasy,2016,8.0,22.0,United States
고스트 위스퍼러,TV Show,Amazon Prime Video,Sci-Fi & Fantasy,2005,8.1,,United States
꽃보다 남자,TV Show,Amazon Prime Video,Comedy,2009,8.3,65.0,South Korea
엘리멘트리,TV Show,Amazon Prime Video,Drama,2012,7.6,43.0,United States
배트맨: 애니메이션 시리즈,TV Show,Amazon Prime Video,Action & Adventure,1992,8.6,,United States
플리백,TV Show,Amazon Prime Video,Comedy,2016,8.3,,United Kingdom
스타게이트 SG-1,TV Show,Amazon Prime Video,Sci-Fi & Fantasy,1997,8.3,42.0,Canada
톰 클랜시의 잭 라이언,TV Show,Amazon Prime Video,Action & Adventure,2018,7.7,,United States
베이츠 모텔,TV Show,Amazon Prime Video,Drama,2013,8.1,45.0,United States
애쉬 vs 이블 데드,TV Show,Amazon Prime Video,Comedy,2015,7.7,,United States
더 매지션스,TV Show,Amazon Prime Video,Drama,2015,7.6,45.0,United States
IT 크라우드,TV Show,Amazon Prime Video,Comedy,2006,8.2,,United Kingdom
덱스터: 뉴 블러드,TV Show,Amazon Prime Video,Drama,2021,7.9,,United States
죠죠의 기묘한 모험,TV Show,Amazon Prime Video,Animation,2012,8.6,24.0,Japan
해즈빈 호텔,TV Show,Amazon Prime Video,Animation,2024,8.6,,United States
미스터 빈,TV Show,Amazon Prime Video,Comedy,1990,8.0,25.0,United Kingdom
페니 드레드풀,TV Show,Amazon Prime Video,Sci-Fi & Fantasy,2014,7.8,60.0,United States
젠 V,TV Show,Amazon Prime Video,Action & Adventure,2023,7.7,,United States
킬링 이브,TV Show,Amazon Prime Video,Crime,2018,7.9,43.0,United Kingdom
높은 성의 사나이,TV Show,Amazon Prime Video,Sci-Fi & Fantasy,2015,7.5,,United Kingdom
검은 해적,TV Show,Amazon Prime Video,Drama,2014,7.6,60.0,South Africa
오펀 블랙,TV Show,Amazon Prime Video,Drama,2013,7.8,43.0,Canada
업로드,TV Show,Amazon Prime Video,Comedy,2020,7.8,,United States
설국열차,TV Show,Amazon Prime Video,Sci-Fi & Fantasy,2020,7.4,,South Korea
카니발 로,TV Show,Amazon Prime Video,Crime,2019,7.7,,United States
De viaje con los Derbez,TV Show,Amazon Prime Video,Documentary,2019,7.5,,Mexico
Teen Titans,TV Show,Amazon Prime Video,Animation,2003,8.4,23.0,United States
페리퍼럴,TV Show,Amazon Prime Video,Sci-Fi & Fantasy,2022,7.7,,United States
도로로,TV Show,Amazon Prime Video,Animation,2019,8.5,24.0,Japan
프리처,TV Show,Amazon Prime Video,Sci-Fi & Fantasy,2016,7.4,,United States
나이트 매니저,TV Show,Amazon Prime Video,Drama,2016,7.7,,United Kingdom
The Nanny,TV Show,Amazon Prime Video,Comedy,1993,8.1,24.0,United States
파워,TV Show,Amazon Prime Video,Crime,2014,7.7,60.0,United States
몽크,TV Show,Amazon Prime Video,Drama,2002,8.0,,United States
다운튼 애비,TV Show,Amazon Prime Video,Drama,2010,8.1,66.0,United Kingdom
스타게이트 아틀란티스,TV Show,Amazon Prime Video,Sci-Fi & Fantasy,2004,8.0,45.0,Canada
12 몽키즈,TV Show,Amazon Prime Video,Sci-Fi & Fantasy,2015,7.4,43.0,United States
마법사 멀린,TV Show,Amazon Prime Video,Action & Adventure,2008,7.8,43.0,United Kingdom
터미널 리스트,TV Show,Amazon Prime Video,Action & Adventure,2022,8.0,,United States
내가 예뻐진 그 여름,TV Show,Amazon Prime Video,Drama,2022,8.1,,United States
유희왕 듀얼몬스터즈,TV Show,Amazon Prime Video,Animation,2000,8.3,24.0,Japan
빌리언스,TV Show,Amazon Prime Video,Drama,2016,7.8,,United States
블루 블러드,TV Show,Amazon Prime Video,Crime,2010,7.8,,United States
싸이크,TV Show,Amazon Prime Video,Drama,2006,7.9,43.0,United States
더 테러,TV Show,Amazon Prime Video,Mystery,2018,7.4,44.0,United States
더 폴,TV Show,Amazon Prime Video,Drama,2013,7.7,57.0,Ireland
옐로우재킷,TV Show,Amazon Prime Video,Drama,2021,7.5,,Canada
마블러스 미시즈 메이슬,TV Show,Amazon Prime Video,Comedy,2017,8.1,,United States
The Bible,TV Show,Amazon Prime Video,Drama,2013,7.4,96.0,United States
빈란드 사가,TV Show,Amazon Prime Video,Animation,2019,8.5,25.0,Japan
컨티넘,TV Show,Amazon Prime Video,Sci-Fi & Fantasy,2012,7.5,45.0,Canada
반 헬싱,TV Show,Amazon Prime Video,Mystery,2016,7.0,42.0,United States
바나나 피쉬,TV Show,Amazon Prime Video,Animation,2018,8.6,23.0,Japan
Slugterra,TV Show,Amazon Prime Video,Action & Adventure,2012,8.4,22.0,Canada
더크 젠틀리의 전체론적 탐정 사무소,TV Show,Amazon Prime Video,Comedy,2016,7.7,42.0,United States
엘 인테르나도: 라스 쿰브레스,TV Show,Amazon Prime Video,Drama,2021,7.5,50.0,Spain
더 초즌: 부름 받은 자,TV Show,Amazon Prime Video,Action & Adventure,2019,8.7,60.0,United States
Freaks and Geeks,TV Show,Amazon Prime Video,Drama,1999,8.2,44.0,United States
프레이저,TV Show,Amazon Prime Video,Comedy,1993,7.7,24.0,United States
쿵푸 팬더: 운명의 앞발,TV Show,Amazon Prime Video,Animation,2018,7.2,23.0,United States
해나,TV Show,Amazon Prime Video,Action & Adventure,2019,7.4,,United Kingdom
레인,TV Show,Amazon Prime Video,Drama,2013,8.1,42.0,United States
더 쉴드,TV Show,Amazon Prime Video,Crime,2002,8.2,45.0,United States
그랜드 투어,TV Show,Amazon Prime Video,Reality,2016,8.0,60.0,United Kingdom
파워 레인저,TV Show,Amazon Prime Video,Action & Adventure,1993,7.1,24.0,Japan
The Odyssey,TV Show,Amazon Prime Video,Action & Adventure,1997,7.2,88.0,Germany
레이 도노반,TV Show,Amazon Prime Video,Drama,2013,7.5,,United States
튜더스,TV Show,Amazon Prime Video,Drama,2007,7.8,55.0,United Kingdom
퍼피 구조대,TV Show,Amazon Prime Video,Animation,2013,7.0,,Canada
30 록,TV Show,Amazon Prime Video,Comedy,2006,7.5,22.0,United States
리썰 웨폰,TV Show,Amazon Prime Video,Action & Adventure,2016,7.3,43.0,United States
타임리스,TV Show,Amazon Prime Video,Drama,2016,7.2,43.0,United States
스타게이트 유니버스,TV Show,Amazon Prime Video,Sci-Fi & Fantasy,2009,7.4,45.0,United States
페파 피그,TV Show,Amazon Prime Video,Animation,2004,6.6,,United Kingdom
더 미들,TV Show,Amazon Prime Video,Comedy,2009,7.6,22.0,United States
마이 리틀 포니: 우정은 마법,TV Show,Amazon Prime Video,Animation,2010,8.2,22.0,Canada
보슈,TV Show,Amazon Prime Video,Mystery,2015,7.9,,United States
더블 타겟,TV Show,Amazon Prime Video,Action & Adventure,2016,7.2,,United States
S.O.Z: Soldados o Zombies,TV Show,Amazon Prime Video,Drama,2021,7.1,31.0,Spain
H2O: Just Add Water,TV Show,Amazon Prime Video,Drama,2006,7.8,24.0,Australia
휴먼스,TV Show,Amazon Prime Video,Sci-Fi & Fantasy,2015,7.5,46.0,United Kingdom
다빈치 디몬스,TV Show,Amazon Prime Video,Drama,2013,7.5,60.0,
30 Days Till I Marry My Husband's Nemesis,TV Show,Amazon Prime Video,Drama,2024,8.5,63.0,South Korea
Señora Acero,TV Show,Amazon Prime Video,Drama,2014,7.9,43.0,Mexico
토라도라!,TV Show,Amazon Prime Video,Animation,2008,8.2,23.0,Japan
마라도나: 축복받은 꿈,TV Show,Amazon Prime Video,Drama,2021,7.4,60.0,Argentina
맥스턴 홀 - 너와 나의 세계,TV Show,Amazon Prime Video,Drama,2024,8.3,,Germany
콜로니,TV Show,Amazon Prime Video,Sci-Fi & Fantasy,2016,6.9,43.0,United States
"이재, 곧 죽습니다",TV Show,Amazon Prime Video,Drama,2023,8.4,53.0,South Korea
복스 마키나의 전설,TV Show,Amazon Prime Video,Animation,2022,8.2,,United States
사냥꾼들,TV Show,Amazon Prime Video,Crime,2020,7.2,,United States
유령캠프,TV Show,Amazon Prime Video,Mystery,1992,8.2,,Canada
파스케이프,TV Show,Amazon Prime Video,Sci-Fi & Fantasy,1999,7.9,60.0,Australia
Pucca,TV Show,Amazon Prime Video,Animation,2006,8.2,8.0,Canada
디파이언스,TV Show,Amazon Prime Video,Drama,2013,6.8,43.0,United States
Winx Club,TV Show,Amazon Prime Video,Kids,2004,8.0,23.0,Italy
애니멀 킹덤,TV Show,Amazon Prime Video,Crime,2016,7.7,50.0,United States
시크릿 레벨,TV Show,Amazon Prime Video,Animation,2024,7.4,,United States
시타델,TV Show,Amazon Prime Video,Drama,2023,6.9,,United States
헤이븐,TV Show,Amazon Prime Video,Drama,2010,7.5,,Canada
링컨 차를 타는 변호사,TV Show,Amazon Prime Video,Drama,2022,7.7,,United States
The Inbetweeners,TV Show,Amazon Prime Video,Comedy,2008,7.7,25.0,United Kingdom
데드 라이크 미,TV Show,Amazon Prime Video,Sci-Fi & Fantasy,2003,7.7,,United States
더 와일즈,TV Show,Amazon Prime Video,Mystery,2020,7.6,,United States
구미호뎐 못다한 이야기,TV Show,Amazon Prime Video,Sci-Fi & Fantasy,2020,8.3,70.0,South Korea
루프 이야기,TV Show,Amazon Prime Video,Drama,2020,7.0,,Sweden
거인 골리앗,TV Show,Amazon Prime Video,Crime,2016,7.6,,United States
유토피아,TV Show,Amazon Prime Video,Drama,2020,7.2,45.0,United States
라인 오브 듀티,TV Show,Amazon Prime Video,Crime,2012,8.2,60.0,United Kingdom
트랜스포머 프라임,TV Show,Amazon Prime Video,Action & Adventure,2010,8.1,21.0,United States
사상최강의 제자 켄이치,TV Show,Amazon Prime Video,Action & Adventure,2006,8.4,25.0,Japan
포화속의 우정,TV Show,Amazon Prime Video,War & Politics,2013,8.1,90.0,Germany
The Adventures of Super Mario Bros. 3,TV Show,Amazon Prime Video,Family,1990,7.6,11.0,United States
그들,TV Show,Amazon Prime Video,Drama,2021,7.6,43.0,United States
스페인 공주,TV Show,Amazon Prime Video,Drama,2019,7.5,55.0,United Kingdom
사이코패스,TV Show,Amazon Prime Video,Animation,2012,7.7,28.0,Japan
Mr. Bean: The Animated Series,TV Show,Amazon Prime Video,Kids,2002,6.9,11.0,United Kingdom
콜드 케이스,TV Show,Amazon Prime Video,Crime,2003,7.8,44.0,United States
레버리지,TV Show,Amazon Prime Video,Drama,2008,7.6,42.0,United States
핍쇼,TV Show,Amazon Prime Video,Comedy,2003,8.0,25.0,United Kingdom
NOS4A2: 노스페라투,TV Show,Amazon Prime Video,Sci-Fi & Fantasy,2019,7.3,43.0,United States
엘 프레지덴테: 브라질,TV Show,Amazon Prime Video,Drama,2020,7.2,,Argentina
장난스런 키스,TV Show,Amazon Prime Video,Comedy,2010,7.8,64.0,South Korea
덱스터: 오리지널 씬,TV Show,Amazon Prime Video,Crime,2024,8.2,,United States
더 보이즈: 디아볼리컬,TV Show,Amazon Prime Video,Animation,2022,7.2,14.0,United States
Highlander: The Series,TV Show,Amazon Prime Video,Sci-Fi & Fantasy,1992,7.4,,France
마샤와 곰,TV Show,Amazon Prime Video,Animation,2009,6.9,7.0,Russia
클락슨 농장,TV Show,Amazon Prime Video,Reality,2021,8.5,,United Kingdom
로어,TV Show,Amazon Prime Video,Mystery,2017,6.9,40.0,United States
디 어페어,TV Show,Amazon Prime Video,Drama,2014,6.7,,United States
스니키 피트,TV Show,Amazon Prime Video,Drama,2015,7.5,,United States
아우터 레인지,TV Show,Amazon Prime Video,Drama,2022,6.9,,United States
미스터 & 미세스 스미스,TV Show,Amazon Prime Video,Action & Adventure,2024,6.6,,United States
JAG,TV Show,Amazon Prime Video,Drama,1995,7.3,,United States
According to Jim,TV Show,Amazon Prime Video,Comedy,2001,6.5,30.0,United States
모던 러브,TV Show,Amazon Prime Video,Comedy,2019,7.4,,United States
언던,TV Show,Amazon Prime Video,Animation,2019,7.7,23.0,Netherlands
Súbete a mi moto,TV Show,Amazon Prime Video,Drama,2020,7.5,60.0,Puerto Rico
"인류의 새로운 시작, 마스",TV Show,Amazon Prime Video,Sci-Fi & Fantasy,2016,7.1,50.0,United States
The Adventures of Tintin,TV Show,Amazon Prime Video,Animation,1991,8.0,22.0,France
뱀파이어와의 인터뷰,TV Show,Amazon Prime Video,Drama,2022,7.5,,United States
진심이 닿다,TV Show,Amazon Prime Video,Comedy,2019,8.3,60.0,South Korea
화이트 퀸,TV Show,Amazon Prime Video,Drama,2013,7.3,,United Kingdom
파워 북 2: 고스트,TV Show,Amazon Prime Video,Crime,2020,8.2,60.0,United States
나의 직장상사는 코미디언,TV Show,Amazon Prime Video,Comedy,2021,7.4,,United States
홈커밍,TV Show,Amazon Prime Video,Drama,2018,7.0,32.0,United States
Father Ted,TV Show,Amazon Prime Video,Comedy,1995,8.2,24.0,United Kingdom
언포게터블,TV Show,Amazon Prime Video,Crime,2011,7.2,45.0,United States
Creepshow,TV Show,Amazon Prime Video,Mystery,2019,7.4,,United States
클라렌스는 엉뚱해!,TV Show,Amazon Prime Video,Animation,2014,8.0,11.0,United States
La Promesa,TV Show,Amazon Prime Video,Drama,2013,7.3,40.0,Colombia
프라이미벌,TV Show,Amazon Prime Video,Sci-Fi & Fantasy,2007,7.4,52.0,France
Coupling,TV Show,Amazon Prime Video,Comedy,2000,7.9,30.0,United Kingdom
Kid vs. Kat,TV Show,Amazon Prime Video,Action & Adventure,2008,7.9,22.0,Canada
더 틱,TV Show,Amazon Prime Video,Comedy,2016,7.0,30.0,United States
메디치: 마스터즈 오브 플로렌스,TV Show,Amazon Prime Video,Drama,2016,7.7,55.0,France
헬'S 키친,TV Show,Amazon Prime Video,Reality,2005,6.8,44.0,United States
솔로가 살아남는 법,TV Show,Amazon Prime Video,Comedy,2020,7.1,32.0,Mexico
더 캡처,TV Show,Amazon Prime Video,Crime,2019,7.7,,United Kingdom
하트 오브 딕시,TV Show,Amazon Prime Video,Drama,2011,7.3,42.0,United States
LOL: Last One Laughing,TV Show,Amazon Prime Video,Comedy,2018,7.4,30.0,Japan
미키 마우스 펀하우스,TV Show,Amazon Prime Video,Crime,2021,8.4,76.0,South Korea
후디니,TV Show,Amazon Prime Video,Drama,2014,7.0,,Canada
프라이데이 나잇 라이트,TV Show,Amazon Prime Video,Drama,2006,8.0,43.0,United States
워커홀릭스,TV Show,Amazon Prime Video,Comedy,2011,7.4,21.0,United States
지니어스,TV Show,Amazon Prime Video,Drama,2017,7.5,43.0,United States
고대의 외계인,TV Show,Amazon Prime Video,Documentary,2010,7.0,42.0,United States
소닉 X,TV Show,Amazon Prime Video,Animation,2003,7.6,25.0,Japan
우리는 댄스소녀,TV Show,Amazon Prime Video,Family,2010,7.6,23.0,United States
미씽,TV Show,Amazon Prime Video,Crime,2014,7.2,59.0,United Kingdom
전당포 사나이들,TV Show,Amazon Prime Video,Reality,2009,7.1,,United States
Nadie nos va a extrañar,TV Show,Amazon Prime Video,Drama,2024,8.6,45.0,
화이트 프린세스,TV Show,Amazon Prime Video,Drama,2017,7.7,60.0,United Kingdom
유희왕 듀얼몬스터즈 GX,TV Show,Amazon Prime Video,Animation,2004,7.9,21.0,Japan
데블스 아워,TV Show,Amazon Prime Video,Mystery,2022,7.3,,United Kingdom
더 리턴드,TV Show,Amazon Prime Video,Mystery,2012,7.4,55.0,France
패닉 게임,TV Show,Amazon Prime Video,Action & Adventure,2021,7.3,45.0,United States
웬트워스,TV Show,Amazon Prime Video,Drama,2013,8.0,,Australia
생츄어리,TV Show,Amazon Prime Video,Action & Adventure,2008,7.3,45.0,Canada
크로스,TV Show,Amazon Prime Video,Crime,2024,7.0,,United States
Totally Spies !,TV Show,Amazon Prime Video,Animation,2002,7.3,22.0,Canada
항공사고 수사대,TV Show,Amazon Prime Video,Documentary,2003,8.2,46.0,Canada
못말리는 어린양 숀,TV Show,Amazon Prime Video,Kids,2007,7.6,7.0,United Kingdom
인데버,TV Show,Amazon Prime Video,Crime,2013,8.1,90.0,United Kingdom
World War II in Colour,TV Show,Amazon Prime Video,Documentary,2009,7.6,50.0,United Kingdom
손해 보기 싫어서,TV Show,Amazon Prime Video,Drama,2024,8.5,,South Korea
콘돌,TV Show,Amazon Prime Video,Crime,2018,7.1,53.0,United States
체인지 디바,TV Show,Amazon Prime Video,Comedy,2009,7.7,43.0,United States
굿 위치,TV Show,Amazon Prime Video,Comedy,2015,7.7,43.0,Canada
아웃포스트,TV Show,Amazon Prime Video,Sci-Fi & Fantasy,2018,7.5,45.0,United States
GTO 반항하지마,TV Show,Amazon Prime Video,Animation,1999,8.4,24.0,Japan
악마와의 계약,TV Show,Amazon Prime Video,Action & Adventure,2025,7.3,,United States
테이큰,TV Show,Amazon Prime Video,Action & Adventure,2017,6.5,42.0,United States
Shades of Blue,TV Show,Amazon Prime Video,Drama,2016,7.2,42.0,United States
라이프,TV Show,Amazon Prime Video,Drama,2007,7.7,45.0,United States
스위트피,TV Show,Amazon Prime Video,Comedy,2024,7.5,44.0,United Kingdom
보슈: 레거시,TV Show,Amazon Prime Video,Crime,2022,7.9,,United States
솔로,TV Show,Amazon Prime Video,Sci-Fi & Fantasy,2021,6.7,,United States
모차르트 인 더 정글,TV Show,Amazon Prime Video,Comedy,2014,7.5,30.0,United States
다윗의 왕국,TV Show,Amazon Prime Video,Drama,2025,8.2,,United States
배트맨: 케이프 크루세이더,TV Show,Amazon Prime Video,Animation,2024,7.2,26.0,United States
LA 걸캅스,TV Show,Amazon Prime Video,Crime,2019,6.9,,United States
또 오해영,TV Show,Amazon Prime Video,Comedy,2016,8.2,70.0,South Korea
P-밸리,TV Show,Amazon Prime Video,Drama,2020,7.6,60.0,United States
Wolfblood,TV Show,Amazon Prime Video,Sci-Fi & Fantasy,2012,8.0,25.0,United Kingdom
三体·周年纪念版,TV Show,Amazon Prime Video,Drama,2023,7.9,43.0,China
'프렌즈 & 네이버스' - Your Friends & Neighbors,TV Show,Amazon Prime Video,Drama,2025,7.7,,United States
나는 네가 지난 여름에 한 일을 알고 있다,TV Show,Amazon Prime Video,Mystery,2021,6.4,49.0,United States
브라식: 스트릿 패밀리,TV Show,Amazon Prime Video,Comedy,2019,8.4,43.0,United Kingdom
코러너,TV Show,Amazon Prime Video,Drama,2019,7.0,44.0,Canada
터미널 리스트: 다크 울프,TV Show,Amazon Prime Video,Action & Adventure,2025,7.6,,United States
배심원단,TV Show,Amazon Prime Video,Comedy,2023,7.6,,United States
컨설턴트,TV Show,Amazon Prime Video,Comedy,2023,6.8,,United States
전쟁과 평화,TV Show,Amazon Prime Video,Drama,2016,7.6,45.0,United Kingdom
데미지,TV Show,Amazon Prime Video,Mystery,2007,7.5,,United States
FBI: 인터내셔널,TV Show,Amazon Prime Video,Crime,2021,7.6,43.0,United States
나이트 스카이,TV Show,Amazon Prime Video,Sci-Fi & Fantasy,2022,6.9,,United States
Party Down,TV Show,Amazon Prime Video,Comedy,2009,7.5,,
제3의 눈,TV Show,Amazon Prime Video,Drama,1995,7.7,44.0,Canada
더 잉글리시,TV Show,Amazon Prime Video,Drama,2022,7.3,49.0,United Kingdom
빙 휴먼,TV Show,Amazon Prime Video,Sci-Fi & Fantasy,2009,7.1,60.0,United Kingdom
비스트 게임,TV Show,Amazon Prime Video,Reality,2024,7.5,,United States
리그,TV Show,Amazon Prime Video,Drama,2023,6.7,,United Kingdom
베르사유,TV Show,Amazon Prime Video,Drama,2015,7.7,52.0,France
못난이 베티 - 계속되는 이야기,TV Show,Amazon Prime Video,Soap,2024,7.6,,Colombia
Two Weeks to Live,TV Show,Amazon Prime Video,Comedy,2020,7.3,,United Kingdom
에덴즈 제로,TV Show,Amazon Prime Video,Animation,2021,7.7,24.0,Japan
Power Book IV: Force,TV Show,Amazon Prime Video,Crime,2022,8.3,60.0,United States
에버우드,TV Show,Amazon Prime Video,Drama,2002,7.6,43.0,United States
Harina,TV Show,Amazon Prime Video,Comedy,2022,8.3,,Mexico
Human Trafficking,TV Show,Amazon Prime Video,Drama,2005,7.0,44.0,United States
리버,TV Show,Amazon Prime Video,Crime,2015,7.4,,United Kingdom
유닛,TV Show,Amazon Prime Video,Action & Adventure,2006,7.4,42.0,United States
데이지 존스 & 더 식스,TV Show,Amazon Prime Video,Drama,2023,8.0,,United States
엘시드,TV Show,Amazon Prime Video,Action & Adventure,2020,7.2,59.0,Spain
Power Book III: Raising Kanan,TV Show,Amazon Prime Video,Drama,2021,8.1,60.0,United States
90210,TV Show,Amazon Prime Video,Drama,2008,5.8,40.0,United States
뉴토피아,TV Show,Amazon Prime Video,Sci-Fi & Fantasy,2025,7.9,55.0,South Korea
엘리자베스 개스겔의 남과북,TV Show,Amazon Prime Video,Drama,2004,8.1,60.0,
소시지 파티: 푸드토피아,TV Show,Amazon Prime Video,Animation,2024,6.8,,United States
클레오파트라,TV Show,Amazon Prime Video,Drama,1999,6.6,88.0,
유희왕 5D's,TV Show,Amazon Prime Video,Animation,2008,8.1,25.0,Japan
Tin Man,TV Show,Amazon Prime Video,Action & Adventure,2007,6.7,90.0,United States
미국을 일으킨 거인들,TV Show,Amazon Prime Video,Documentary,2012,8.1,120.0,United States
마법의 색,TV Show,Amazon Prime Video,Action & Adventure,2008,6.7,,United Kingdom
카멜롯,TV Show,Amazon Prime Video,Sci-Fi & Fantasy,2011,6.3,50.0,Canada
Rules of Engagement,TV Show,Amazon Prime Video,Comedy,2007,7.1,21.0,United States
개구쟁이 스머프,TV Show,Amazon Prime Video,Animation,2021,7.1,12.0,Belgium
THE K2,TV Show,Amazon Prime Video,Action & Adventure,2016,7.8,60.0,South Korea
언포가튼,TV Show,Amazon Prime Video,Drama,2015,7.5,46.0,United Kingdom
미르자푸르,TV Show,Amazon Prime Video,Crime,2018,8.0,45.0,India
시그널,TV Show,Amazon Prime Video,Crime,2016,8.2,,South Korea
나의 레이디 제인,TV Show,Amazon Prime Video,Drama,2024,7.5,,United States
더브릿지 : 조각살인마,TV Show,Amazon Prime Video,Drama,2013,6.6,45.0,United States
패트리엇,TV Show,Amazon Prime Video,Comedy,2015,7.6,,United States
르노 911!,TV Show,Amazon Prime Video,Comedy,2003,7.2,21.0,United States
패밀리맨,TV Show,Amazon Prime Video,Drama,2019,7.7,,India
조나단 스트레인지와 마법사 노렐,TV Show,Amazon Prime Video,Drama,2015,7.4,60.0,United Kingdom
Garth Marenghi's Darkplace,TV Show,Amazon Prime Video,Comedy,2004,8.0,30.0,United Kingdom
City on a Hill,TV Show,Amazon Prime Video,Crime,2019,7.3,55.0,United States
허슬,TV Show,Amazon Prime Video,Comedy,2004,7.7,60.0,United Kingdom
투 올드 투 다이 영,TV Show,Amazon Prime Video,Crime,2019,7.3,,Denmark
라스트 리조트,TV Show,Amazon Prime Video,Action & Adventure,2012,6.7,45.0,
LaLola,TV Show,Amazon Prime Video,Comedy,2024,7.3,,Mexico
스니퍼,TV Show,Amazon Prime Video,Crime,2013,7.5,,Russia
Kitchen Nightmares,TV Show,Amazon Prime Video,Reality,2007,7.5,44.0,United States
유니버스,TV Show,Amazon Prime Video,Documentary,2007,7.9,45.0,United States
베리 잉글리시 스캔들,TV Show,Amazon Prime Video,Drama,2018,7.1,60.0,United Kingdom
장 클로드 반 존슨,TV Show,Amazon Prime Video,Action & Adventure,2016,6.5,30.0,United States
인 더 플래쉬,TV Show,Amazon Prime Video,Drama,2013,7.2,53.0,United Kingdom
뿌리,TV Show,Amazon Prime Video,Drama,2016,6.9,,United States
발라드,TV Show,Amazon Prime Video,Drama,2025,7.2,,United States
Sonic the Hedgehog,TV Show,Amazon Prime Video,Animation,1993,7.1,23.0,United States
트랜스페어런트,TV Show,Amazon Prime Video,Comedy,2014,6.4,30.0,United States
반요 야샤히메,TV Show,Amazon Prime Video,Animation,2020,8.3,24.0,Japan
스타게이트 오리진,TV Show,Amazon Prime Video,Sci-Fi & Fantasy,2018,5.1,,United States
찬스,TV Show,Amazon Prime Video,Drama,2016,6.9,45.0,United States
꼬꼬마 텔레토비,TV Show,Amazon Prime Video,Family,1997,4.5,25.0,United Kingdom
페이크,TV Show,Amazon Prime Video,Drama,2023,7.7,,India
카타스트로피,TV Show,Amazon Prime Video,Comedy,2015,7.5,24.0,United Kingdom
진정령,TV Show,Amazon Prime Video,Action & Adventure,2019,8.6,45.0,
데드 존,TV Show,Amazon Prime Video,Drama,2002,7.3,,Canada
슈퍼북,TV Show,Amazon Prime Video,Animation,2011,8.6,26.0,United States
"Mentiras, la serie",TV Show,Amazon Prime Video,Comedy,2025,8.3,,Mexico
Crossing Jordan,TV Show,Amazon Prime Video,Drama,2001,7.2,,United States
내 안의 나,TV Show,Amazon Prime Video,Crime,2023,6.6,,United States
Rosemary's Baby,TV Show,Amazon Prime Video,Drama,2014,5.7,84.0,Canada
House of Cards,TV Show,Amazon Prime Video,War & Politics,1990,8.1,55.0,United Kingdom
굿보이,TV Show,Amazon Prime Video,Crime,2025,8.6,69.0,South Korea
잊혀버린 군대,TV Show,Amazon Prime Video,Drama,2020,6.9,40.0,India
틴 스타,TV Show,Amazon Prime Video,Crime,2017,6.6,60.0,United Kingdom
우리는 거짓말쟁이,TV Show,Amazon Prime Video,Drama,2025,7.2,,United States
Gloria Trevi: Ellas soy yo,TV Show,Amazon Prime Video,Drama,2023,7.8,,Mexico
칼리프의 나라,TV Show,Amazon Prime Video,War & Politics,2020,7.4,45.0,Sweden
Sonic Underground,TV Show,Amazon Prime Video,Action & Adventure,1999,6.8,25.0,France
King Solomon's Mines,TV Show,Amazon Prime Video,Action & Adventure,2004,6.3,88.0,South Africa
페이퍼 걸스,TV Show,Amazon Prime Video,Drama,2022,7.3,45.0,United States
크라이시스 인 식스 씬,TV Show,Amazon Prime Video,Comedy,2016,6.5,24.0,United States
퀴어 애즈 포크,TV Show,Amazon Prime Video,Drama,1999,7.8,32.0,United Kingdom
참나무섬의 저주,TV Show,Amazon Prime Video,Mystery,2014,7.2,43.0,United States
무법자들,TV Show,Amazon Prime Video,Comedy,2021,7.4,58.0,United Kingdom
아틀란티스,TV Show,Amazon Prime Video,Action & Adventure,2013,6.4,45.0,United Kingdom
온 콜,TV Show,Amazon Prime Video,Crime,2025,7.4,,United States
언더그라운드 레일로드,TV Show,Amazon Prime Video,Drama,2021,7.2,,United States
Forged in Fire,TV Show,Amazon Prime Video,Reality,2015,7.8,42.0,United States
마이 매드 팻 다이어리,TV Show,Amazon Prime Video,Comedy,2013,7.9,45.0,United Kingdom
This Is England '86,TV Show,Amazon Prime Video,Drama,2010,7.8,48.0,United Kingdom
앨리스 하트의 잃어버린 꽃,TV Show,Amazon Prime Video,Drama,2023,7.6,,United States
트로이: 왕국의 몰락,TV Show,Amazon Prime Video,War & Politics,2018,5.8,56.0,South Africa
Life After People: The Series,TV Show,Amazon Prime Video,Documentary,2009,7.2,60.0,United States
Renegade,TV Show,Amazon Prime Video,Action & Adventure,1992,6.7,44.0,United States
그랜트체스터,TV Show,Amazon Prime Video,Crime,2014,7.2,,United Kingdom
블렛츨리 서클,TV Show,Amazon Prime Video,Drama,2012,7.6,45.0,United Kingdom
엠마,TV Show,Amazon Prime Video,Drama,2009,7.6,58.0,United Kingdom
조로,TV Show,Amazon Prime Video,Action & Adventure,2024,7.3,,Spain
체서피크 쇼어,TV Show,Amazon Prime Video,Drama,2016,7.8,45.0,Canada
Ghost Stories for Christmas,TV Show,Amazon Prime Video,Animation,2000,8.1,24.0,Japan
스푹스,TV Show,Amazon Prime Video,Drama,2002,7.7,60.0,United Kingdom
D-Day Sacrifice,TV Show,Amazon Prime Video,Documentary,2014,6.9,45.0,France
Tales from the Cryptkeeper,TV Show,Amazon Prime Video,Animation,1993,7.8,22.0,Canada
Lexx,TV Show,Amazon Prime Video,Comedy,1997,7.0,48.0,Germany
카운트다운,TV Show,Amazon Prime Video,Crime,2025,7.3,,United States
후보자,TV Show,Amazon Prime Video,Action & Adventure,2020,6.9,,Mexico
핸드 오브 갓,TV Show,Amazon Prime Video,Drama,2014,6.8,60.0,United States
El Gallo de Oro,TV Show,Amazon Prime Video,Drama,2023,8.0,,Mexico
제인 에어,TV Show,Amazon Prime Video,Drama,2006,7.7,50.0,
Bottom,TV Show,Amazon Prime Video,Comedy,1991,7.9,30.0,United Kingdom
간 떨어지는 동거,TV Show,Amazon Prime Video,Drama,2021,8.1,65.0,China
पंचायत,TV Show,Amazon Prime Video,Comedy,2020,8.1,30.0,India
런던 콜걸 벨,TV Show,Amazon Prime Video,Drama,2007,6.8,22.0,United Kingdom
Gulliver's Travels,TV Show,Amazon Prime Video,Action & Adventure,1996,7.2,186.0,United Kingdom
"케빈, 넌 아웃이야!",TV Show,Amazon Prime Video,Comedy,2021,6.9,44.0,United States
프랑켄슈타인 연대기,TV Show,Amazon Prime Video,Sci-Fi & Fantasy,2015,7.0,52.0,United Kingdom
사랑보다 아름다운 유혹,TV Show,Amazon Prime Video,Drama,2024,6.7,,United States
Kingdom,TV Show,Amazon Prime Video,Drama,2014,6.9,,United States
맨해튼,TV Show,Amazon Prime Video,Drama,2014,7.1,43.0,United States
Storage Wars,TV Show,Amazon Prime Video,Reality,2010,5.8,25.0,United States
화이트채플,TV Show,Amazon Prime Video,Crime,2009,7.3,45.0,United Kingdom
NewsRadio,TV Show,Amazon Prime Video,Comedy,1995,7.3,25.0,United States
The Lost World,TV Show,Amazon Prime Video,Action & Adventure,1999,7.1,44.0,Australia
꼭두각시 서커스,TV Show,Amazon Prime Video,Action & Adventure,2018,8.2,24.0,Japan
신기한 스쿨버스,TV Show,Amazon Prime Video,Animation,1994,7.7,25.0,Canada
버터플라이,TV Show,Amazon Prime Video,Action & Adventure,2025,7.2,,United States
데드로크,TV Show,Amazon Prime Video,Comedy,2023,6.4,,Australia
Dublin Murders,TV Show,Amazon Prime Video,Drama,2019,7.0,60.0,Ireland
로빈후드,TV Show,Amazon Prime Video,Drama,2006,6.9,90.0,United Kingdom
Chaotic,TV Show,Amazon Prime Video,Animation,2006,8.0,22.0,United States
걸프렌드,TV Show,Amazon Prime Video,Drama,2025,7.1,,United Kingdom
더 캐치,TV Show,Amazon Prime Video,Drama,2016,6.6,45.0,United States
Un si grand soleil,TV Show,Amazon Prime Video,Soap,2018,6.6,26.0,France
시타델: 다이애나,TV Show,Amazon Prime Video,Action & Adventure,2024,6.8,,Italy
Occupied,TV Show,Amazon Prime Video,Drama,2015,7.1,45.0,France
레드 옥스,TV Show,Amazon Prime Video,Comedy,2014,7.4,30.0,United States
Would I Lie to You?,TV Show,Amazon Prime Video,Comedy,2007,7.8,30.0,United Kingdom
미녀와 야수,TV Show,Amazon Prime Video,Sci-Fi & Fantasy,2014,7.3,100.0,Spain
The Truth About the Harry Quebert Affair,TV Show,Amazon Prime Video,Crime,2018,7.5,,United States
할런 코벤의 피난처,TV Show,Amazon Prime Video,Drama,2023,6.9,,United States
레드퀸,TV Show,Amazon Prime Video,Action & Adventure,2024,7.0,,Mexico
Greek,TV Show,Amazon Prime Video,Comedy,2007,6.7,44.0,United States
LOL: Chi ride è fuori,TV Show,Amazon Prime Video,Reality,2021,7.0,30.0,Italy
Dance Moms,TV Show,Amazon Prime Video,Reality,2011,7.1,,United States
몬스터팜,TV Show,Amazon Prime Video,Animation,1999,8.0,24.0,Japan
와일드,TV Show,Amazon Prime Video,Drama,2023,6.6,,Canada
작은 불빛,TV Show,Amazon Prime Video,Drama,2023,7.9,,United States
Sin límites,TV Show,Amazon Prime Video,Action & Adventure,2022,7.3,42.0,Spain
리스너,TV Show,Amazon Prime Video,Action & Adventure,2009,6.9,42.0,Canada
Mutant X,TV Show,Amazon Prime Video,Sci-Fi & Fantasy,2001,6.7,44.0,Canada
그들만의 리그,TV Show,Amazon Prime Video,Comedy,2022,6.8,,United States
창백한 말,TV Show,Amazon Prime Video,Mystery,2020,5.8,59.0,United Kingdom
Flesh and Bone,TV Show,Amazon Prime Video,Drama,2015,6.7,60.0,United States
그녀의 사생활,TV Show,Amazon Prime Video,Comedy,2019,7.6,69.0,South Korea
제임스 메이: 영국 사람 인도에 가다,TV Show,Amazon Prime Video,Documentary,2020,7.5,50.0,Italy
데드 링거,TV Show,Amazon Prime Video,Mystery,2023,6.1,,United States
디파처,TV Show,Amazon Prime Video,Drama,2019,6.5,45.0,Canada
가필드 쇼,TV Show,Amazon Prime Video,Animation,2009,6.5,30.0,United States
Ashes to Ashes,TV Show,Amazon Prime Video,Crime,2008,7.7,60.0,United Kingdom
만장적계절,TV Show,Amazon Prime Video,Crime,2023,8.8,67.0,China
동,TV Show,Amazon Prime Video,Crime,2021,7.2,65.0,Brazil
무한의 주인: Immortal,TV Show,Amazon Prime Video,Animation,2019,7.2,24.0,Japan
주재원,TV Show,Amazon Prime Video,Drama,2024,6.7,,United States
Adventures of Sonic the Hedgehog,TV Show,Amazon Prime Video,Animation,1993,6.6,22.0,Italy
언더월드,TV Show,Amazon Prime Video,Crime,2020,7.4,45.0,India
밀레니엄,TV Show,Amazon Prime Video,Action & Adventure,2010,7.6,93.0,Sweden
Monsuno,TV Show,Amazon Prime Video,Action & Adventure,2012,8.1,22.0,Japan
Nash Bridges,TV Show,Amazon Prime Video,Action & Adventure,1996,6.6,45.0,United States
American Pickers,TV Show,Amazon Prime Video,Reality,2010,6.9,45.0,United States
더 프랙티스,TV Show,Amazon Prime Video,Drama,1997,7.7,44.0,United States
비셔스,TV Show,Amazon Prime Video,Comedy,2013,7.5,22.0,United Kingdom
오버캄펜세이트,TV Show,Amazon Prime Video,Comedy,2025,7.3,,United States
레버리지: 리뎀션,TV Show,Amazon Prime Video,Action & Adventure,2021,7.3,,United States
파워,TV Show,Amazon Prime Video,Sci-Fi & Fantasy,2023,6.1,,United Kingdom
Bad Education,TV Show,Amazon Prime Video,Comedy,2012,6.9,,United Kingdom
무언의 목격자,TV Show,Amazon Prime Video,Crime,1996,7.5,60.0,United Kingdom
프로젝트 런웨이,TV Show,Amazon Prime Video,Reality,2004,6.3,43.0,United States
Dirty Linen,TV Show,Amazon Prime Video,Drama,2023,6.6,30.0,Philippines
The Storyteller: Greek Myths,TV Show,Amazon Prime Video,Drama,1991,8.2,24.0,
The Thin Blue Line,TV Show,Amazon Prime Video,Comedy,1995,7.2,29.0,United Kingdom
견우와 선녀,TV Show,Amazon Prime Video,Sci-Fi & Fantasy,2025,8.6,63.0,South Korea
작은 아씨들,TV Show,Amazon Prime Video,Drama,2017,7.1,60.0,United Kingdom
Duck Dynasty,TV Show,Amazon Prime Video,Reality,2012,6.5,30.0,United States
더 마이티 나인,TV Show,Amazon Prime Video,Animation,2025,8.0,,United States
배드 앤 크레이지,TV Show,Amazon Prime Video,Action & Adventure,2021,7.9,70.0,South Korea
피스톨,TV Show,Amazon Prime Video,Drama,2022,7.5,,United States
키시베 로한은 움직이지 않는다,TV Show,Amazon Prime Video,Mystery,2017,8.1,,Japan
추잉검,TV Show,Amazon Prime Video,Comedy,2015,7.1,30.0,United Kingdom
얼론: 생존게임,TV Show,Amazon Prime Video,Reality,2015,7.2,42.0,United States
방과 후 전쟁활동,TV Show,Amazon Prime Video,Drama,2023,8.1,70.0,South Korea
RoboCop: The Series,TV Show,Amazon Prime Video,Action & Adventure,1994,6.3,42.0,Canada
The First 48,TV Show,Amazon Prime Video,Documentary,2004,7.9,45.0,United States
래비즈 엽기토끼의 침공,TV Show,Amazon Prime Video,Animation,2013,7.7,22.0,France
레고 닌자고: 드래곤 라이징,TV Show,Amazon Prime Video,Animation,2023,8.1,22.0,Canada
데드 플레이시스,TV Show,Amazon Prime Video,Mystery,2021,7.3,45.0,South Africa
The Magical Legend of the Leprechauns,TV Show,Amazon Prime Video,Drama,1999,6.9,85.0,United States
바니와 친구들,TV Show,Amazon Prime Video,Comedy,1992,6.0,30.0,United States
제바스티안 피체크의 테라피,TV Show,Amazon Prime Video,Mystery,2023,7.0,,Germany
8 Out of 10 Cats Does Countdown,TV Show,Amazon Prime Video,Comedy,2013,7.3,47.0,United Kingdom
매직 시티,TV Show,Amazon Prime Video,Drama,2012,6.9,50.0,United States
그리핀,TV Show,Amazon Prime Video,Sci-Fi & Fantasy,2023,6.7,,Germany
랜섬,TV Show,Amazon Prime Video,Crime,2017,6.5,44.0,France
Lost in Austen,TV Show,Amazon Prime Video,Sci-Fi & Fantasy,2008,7.1,60.0,United Kingdom
Prime Suspect,TV Show,Amazon Prime Video,Crime,1991,7.8,,United Kingdom
Legend of Earthsea,TV Show,Amazon Prime Video,Sci-Fi & Fantasy,2004,5.8,90.0,United States
In Plain Sight,TV Show,Amazon Prime Video,Drama,2008,7.1,43.0,United States
맨헌트,TV Show,Amazon Prime Video,Drama,2019,7.1,50.0,United Kingdom
Flowers,TV Show,Amazon Prime Video,Comedy,2016,7.3,25.0,United Kingdom
코드 요코,TV Show,Amazon Prime Video,Sci-Fi & Fantasy,2003,7.5,23.0,France
Earth: Final Conflict,TV Show,Amazon Prime Video,Sci-Fi & Fantasy,1997,6.8,60.0,Canada
Pacific Blue,TV Show,Amazon Prime Video,Drama,1996,5.4,45.0,United States
도원암귀,TV Show,Amazon Prime Video,Animation,2025,7.6,,Japan
다크니스,TV Show,Amazon Prime Video,Crime,2019,6.9,,Denmark
Oliver Twist,TV Show,Amazon Prime Video,Drama,2007,6.5,30.0,United Kingdom
두 자매,TV Show,Amazon Prime Video,Drama,2025,6.8,,United States
Mujeres Asesinas,TV Show,Amazon Prime Video,Drama,2022,7.3,,Mexico
더 플레이어,TV Show,Amazon Prime Video,Action & Adventure,2015,6.3,43.0,United States
모터헤드,TV Show,Amazon Prime Video,Drama,2025,8.3,,United States
아웃랜더: 피로 이어진 운명,TV Show,Amazon Prime Video,Drama,2025,8.5,,United States
Ici tout commence,TV Show,Amazon Prime Video,Soap,2020,6.9,28.0,France
스몰 엑스,TV Show,Amazon Prime Video,Drama,2020,6.9,,United Kingdom
The Increasingly Poor Decisions of Todd Margaret,TV Show,Amazon Prime Video,Comedy,2010,6.7,30.0,United Kingdom
저스트 애드 매직,TV Show,Amazon Prime Video,Family,2016,7.7,27.0,United States
The Brokenwood Mysteries,TV Show,Amazon Prime Video,Mystery,2014,7.6,90.0,New Zealand
Plebs,TV Show,Amazon Prime Video,Comedy,2013,7.3,22.0,United Kingdom
페이즈,TV Show,Amazon Prime Video,Drama,2011,7.2,60.0,United Kingdom
"촌구석 아저씨, 검성이 되다",TV Show,Amazon Prime Video,Animation,2025,7.2,,Japan
더 루미너리스,TV Show,Amazon Prime Video,Drama,2020,6.7,60.0,Australia
그레이스포인트,TV Show,Amazon Prime Video,Mystery,2014,6.6,43.0,United States
Ramsay's Kitchen Nightmares,TV Show,Amazon Prime Video,Reality,2004,7.5,44.0,United Kingdom
헬루바 보스,TV Show,Amazon Prime Video,Animation,2020,7.6,,United States
쓰리 파인즈,TV Show,Amazon Prime Video,Crime,2022,6.5,,Canada
CHIVAS: El Rebaño Sagrado,TV Show,Amazon Prime Video,Documentary,2021,7.5,,Mexico
미스터 쿠쿠,TV Show,Amazon Prime Video,Comedy,2012,6.7,30.0,United Kingdom
Ice Road Truckers,TV Show,Amazon Prime Video,Reality,2007,6.7,43.0,Canada
나폴레옹,TV Show,Amazon Prime Video,Drama,2002,6.8,90.0,Canada
A.D. 더 바이블 컨티뉴스,TV Show,Amazon Prime Video,Drama,2015,7.5,43.0,United States
파라다이스,TV Show,Amazon Prime Video,Drama,2012,7.3,60.0,United Kingdom
케네디스,TV Show,Amazon Prime Video,Drama,2011,6.5,45.0,Canada
10 Things I Hate About You,TV Show,Amazon Prime Video,Comedy,2009,6.8,25.0,United States
데드워터 펠,TV Show,Amazon Prime Video,Crime,2020,6.1,60.0,United Kingdom
Residue,TV Show,Amazon Prime Video,Drama,2015,5.3,45.0,United Kingdom
MasterChef Australia,TV Show,Amazon Prime Video,Reality,2009,7.0,75.0,Australia
사슴 아이 어슬렁어슬렁 호시탐탐,TV Show,Amazon Prime Video,Animation,2024,7.7,24.0,Japan
볼테르 고등학교,TV Show,Amazon Prime Video,Comedy,2021,7.9,,France
10.5: Apocalypse,TV Show,Amazon Prime Video,Action & Adventure,2006,5.7,85.0,United States
지리산,TV Show,Amazon Prime Video,Mystery,2021,8.1,64.0,South Korea
Red vs. Blue,TV Show,Amazon Prime Video,Animation,2003,7.5,8.0,United States
Forensic Files,TV Show,Amazon Prime Video,Crime,1996,7.9,23.0,United States
시타델 허니 버니,TV Show,Amazon Prime Video,Action & Adventure,2024,6.8,,India
모 아니면 도: 맨체스터 시티,TV Show,Amazon Prime Video,Documentary,2018,7.2,48.0,United Kingdom
미지의 적,TV Show,Amazon Prime Video,Drama,2018,8.0,50.0,Mexico
Jamestown,TV Show,Amazon Prime Video,Drama,2017,7.3,45.0,United Kingdom
60 Days In,TV Show,Amazon Prime Video,Reality,2016,6.6,,United States
Little Dorrit,TV Show,Amazon Prime Video,Drama,2008,7.8,30.0,United Kingdom
프리스마,TV Show,Amazon Prime Video,Drama,2022,7.0,46.0,Italy
올모스트 파라다이스,TV Show,Amazon Prime Video,Action & Adventure,2020,7.1,45.0,Philippines
라비린토스: 미궁,TV Show,Amazon Prime Video,Sci-Fi & Fantasy,2012,5.4,90.0,United Kingdom
Men Behaving Badly,TV Show,Amazon Prime Video,Comedy,1992,7.2,30.0,United Kingdom
와이어 인 더 블러드,TV Show,Amazon Prime Video,Crime,2002,7.9,60.0,United Kingdom
Jeremiah,TV Show,Amazon Prime Video,Drama,2002,6.9,45.0,
얼럿 : 실종사건전담반,TV Show,Amazon Prime Video,Drama,2023,7.4,44.0,United States
할렘,TV Show,Amazon Prime Video,Comedy,2021,7.1,34.0,United States
Smash,TV Show,Amazon Prime Video,Drama,2012,6.4,,United States
Ghost Hunters,TV Show,Amazon Prime Video,Sci-Fi & Fantasy,2004,6.3,45.0,United States
Farscape: The Peacekeeper Wars,TV Show,Amazon Prime Video,Action & Adventure,2004,7.7,,Australia
All the Queen's Men,TV Show,Amazon Prime Video,Drama,2021,8.5,,United States
숨의 무게,TV Show,Amazon Prime Video,Crime,2018,7.5,,India
꼬마의사 맥스터핀스,TV Show,Amazon Prime Video,Animation,2012,5.9,,Ireland
로마노프 가문,TV Show,Amazon Prime Video,Drama,2018,6.4,,United States
도쿄 매그니튜드 8.0,TV Show,Amazon Prime Video,Animation,2009,7.8,23.0,Japan
범인은 누구?,TV Show,Amazon Prime Video,Crime,2024,7.5,47.0,Mexico
할런 코벤의 라자루스,TV Show,Amazon Prime Video,Mystery,2025,6.4,,United Kingdom
스티키,TV Show,Amazon Prime Video,Comedy,2024,7.2,27.0,Canada
비다,TV Show,Amazon Prime Video,Drama,2018,6.4,30.0,United States
Jack and the Beanstalk: The Real Story,TV Show,Amazon Prime Video,Action & Adventure,2001,6.8,,United States
The Celebrity Apprentice,TV Show,Amazon Prime Video,Reality,2004,5.1,60.0,United States
Demain nous appartient,TV Show,Amazon Prime Video,Crime,2017,6.4,25.0,France
Hot Ones,TV Show,Amazon Prime Video,Talk,2015,7.1,25.0,United States
인트루더스,TV Show,Amazon Prime Video,Mystery,2014,6.5,60.0,United Kingdom
날 녹여주오,TV Show,Amazon Prime Video,Mystery,2019,7.7,70.0,South Korea
프라이미벌: 뉴 월드,TV Show,Amazon Prime Video,Action & Adventure,2012,6.3,42.0,Canada
어벤져스,Movie,Disney+,Science Fiction,2012,8.0,143.0,United States
아바타,Movie,Disney+,Science Fiction,2009,7.6,162.0,United States
데드풀,Movie,Disney+,Action,2016,7.6,108.0,United States
어벤져스: 인피니티 워,Movie,Disney+,Adventure,2018,8.2,149.0,United States
가디언즈 오브 갤럭시,Movie,Disney+,Action,2014,7.9,121.0,United States
아이언맨,Movie,Disney+,Action,2008,7.7,126.0,United States
어벤져스: 엔드게임,Movie,Disney+,Adventure,2019,8.2,181.0,United States
어벤져스: 에이지 오브 울트론,Movie,Disney+,Action,2015,7.3,141.0,United States
캡틴 아메리카: 시빌 워,Movie,Disney+,Adventure,2016,7.4,147.0,United States
블랙 팬서,Movie,Disney+,Action,2018,7.4,135.0,United States
인사이드 아웃,Movie,Disney+,Animation,2015,7.9,95.0,United States
닥터 스트레인지,Movie,Disney+,Fantasy,2016,7.4,115.0,United States
아이언맨 3,Movie,Disney+,Action,2013,6.9,130.0,United States
스파이더맨: 홈커밍,Movie,Disney+,Action,2017,7.3,133.0,United States
가디언즈 오브 갤럭시 Vol. 2,Movie,Disney+,Science Fiction,2017,7.6,137.0,United States
퍼스트 어벤져,Movie,Disney+,Action,2011,7.0,124.0,United States
아이언맨 2,Movie,Disney+,Adventure,2010,6.9,124.0,United States
토르: 천둥의 신,Movie,Disney+,Adventure,2011,6.8,115.0,United States
캐리비안의 해적: 블랙펄의 저주,Movie,Disney+,Adventure,2003,7.8,143.0,United States
스파이더맨: 노 웨이 홈,Movie,Disney+,Action,2021,7.9,148.0,United States
토르: 라그나로크,Movie,Disney+,Action,2017,7.6,131.0,United States
업,Movie,Disney+,Animation,2009,8.0,96.0,United States
코코,Movie,Disney+,Family,2017,8.2,105.0,United States
앤트맨,Movie,Disney+,Science Fiction,2015,7.1,117.0,United States
스파이더맨,Movie,Disney+,Action,2002,7.3,121.0,United States
니모를 찾아서,Movie,Disney+,Animation,2003,7.8,100.0,United States
스타워즈 에피소드 7: 깨어난 포스,Movie,Disney+,Adventure,2015,7.2,136.0,United States
로건,Movie,Disney+,Action,2017,7.8,137.0,United States
월•E,Movie,Disney+,Animation,2008,8.1,98.0,United States
캡틴 아메리카: 윈터 솔져,Movie,Disney+,Action,2014,7.7,136.0,United States
토이 스토리,Movie,Disney+,Family,1995,8.0,81.0,United States
몬스터 주식회사,Movie,Disney+,Animation,2001,7.9,92.0,United States
라이온 킹,Movie,Disney+,Animation,1994,8.3,89.0,United States
데드풀 2,Movie,Disney+,Action,2018,7.5,120.0,United States
인크레더블,Movie,Disney+,Action,2004,7.7,115.0,United States
어메이징 스파이더맨,Movie,Disney+,Action,2012,6.7,136.0,United States
라따뚜이,Movie,Disney+,Animation,2007,7.8,111.0,United States
토르: 다크 월드,Movie,Disney+,Action,2013,6.5,112.0,United States
주토피아,Movie,Disney+,Animation,2016,7.8,109.0,United States
겨울왕국,Movie,Disney+,Animation,2013,7.2,102.0,United States
베놈,Movie,Disney+,Science Fiction,2018,6.8,112.0,China
캐리비안의 해적: 망자의 함,Movie,Disney+,Adventure,2006,7.4,151.0,United States
스파이더맨: 파 프롬 홈,Movie,Disney+,Action,2019,7.4,129.0,United States
캡틴 마블,Movie,Disney+,Action,2019,6.8,124.0,United States
빅 히어로,Movie,Disney+,Adventure,2014,7.7,102.0,United States
로그 원: 스타워즈 스토리,Movie,Disney+,Action,2016,7.5,133.0,United States
스파이더맨 2,Movie,Disney+,Action,2004,7.3,127.0,United States
스타워즈 에피소드 8: 라스트 제다이,Movie,Disney+,Adventure,2017,6.8,152.0,United States
엑스맨: 데이즈 오브 퓨처 패스트,Movie,Disney+,Action,2014,7.5,132.0,United States
미녀와 야수,Movie,Disney+,Family,2017,7.0,129.0,United States
스타워즈 에피소드 1: 보이지 않는 위험,Movie,Disney+,Adventure,1999,6.6,136.0,United States
토이 스토리 3,Movie,Disney+,Animation,2010,7.8,102.0,United States
캐리비안의 해적: 세상의 끝에서,Movie,Disney+,Adventure,2007,7.3,169.0,United States
스파이더맨 3,Movie,Disney+,Action,2007,6.5,139.0,United States
카,Movie,Disney+,Animation,2006,7.0,117.0,United States
캐리비안의 해적: 낯선 조류,Movie,Disney+,Adventure,2011,6.6,136.0,United Kingdom
스타워즈 에피소드 3: 시스의 복수,Movie,Disney+,Adventure,2005,7.5,140.0,United States
토이 스토리 2,Movie,Disney+,Animation,1999,7.6,92.0,United States
이상한 나라의 앨리스,Movie,Disney+,Family,2010,6.6,108.0,United States
스타워즈 에피소드 2: 클론의 습격,Movie,Disney+,Adventure,2002,6.6,142.0,United States
아이스 에이지,Movie,Disney+,Animation,2002,7.4,82.0,United States
어메이징 스파이더맨 2,Movie,Disney+,Action,2014,6.5,141.0,United States
앤트맨과 와스프,Movie,Disney+,Action,2018,6.9,119.0,United States
메리다와 마법의 숲,Movie,Disney+,Adventure,2012,7.0,93.0,United States
아바타: 물의 길,Movie,Disney+,Action,2022,7.6,192.0,United States
가위손,Movie,Disney+,Fantasy,1990,7.7,105.0,United States
엑스맨: 아포칼립스,Movie,Disney+,Science Fiction,2016,6.5,144.0,United States
말레피센트,Movie,Disney+,Fantasy,2014,7.1,97.0,United States
모아나,Movie,Disney+,Adventure,2016,7.6,107.0,United States
인크레더블 2,Movie,Disney+,Action,2018,7.5,118.0,United States
악마는 프라다를 입는다,Movie,Disney+,Drama,2006,7.4,109.0,United States
엑스맨: 퍼스트 클래스,Movie,Disney+,Action,2011,7.3,132.0,United States
주먹왕 랄프,Movie,Disney+,Family,2012,7.4,101.0,United States
캐리비안의 해적: 죽은 자는 말이 없다,Movie,Disney+,Adventure,2017,6.7,129.0,United States
인크레더블 헐크,Movie,Disney+,Science Fiction,2008,6.2,114.0,United States
도리를 찾아서,Movie,Disney+,Adventure,2016,7.0,97.0,United States
나 홀로 집에,Movie,Disney+,Comedy,1990,7.5,103.0,United States
라푼젤,Movie,Disney+,Animation,2010,7.6,100.0,United States
엑스맨 스페셜 영상,Movie,Disney+,Adventure,2000,7.0,104.0,United States
알라딘,Movie,Disney+,Animation,1992,7.7,91.0,United States
"안녕, 헤이즐",Movie,Disney+,Romance,2014,7.6,126.0,United States
"나니아 연대기: 사자, 마녀 그리고 옷장",Movie,Disney+,Adventure,2005,7.1,143.0,United Kingdom
소울,Movie,Disney+,Animation,2020,8.1,101.0,United States
몬스터 대학교,Movie,Disney+,Animation,2013,7.1,104.0,United States
블랙 위도우,Movie,Disney+,Action,2021,7.2,134.0,United States
엑스맨 탄생: 울버린,Movie,Disney+,Adventure,2009,6.3,107.0,United States
베놈 2: 렛 데어 비 카니지,Movie,Disney+,Science Fiction,2021,6.7,97.0,United States
박물관이 살아있다!,Movie,Disney+,Fantasy,2006,6.6,108.0,United States
X2 Global Webcast Highlights,Movie,Disney+,Adventure,2003,7.0,133.0,United States
스타워즈 에피소드 9: 라이즈 오브 스카이워커,Movie,Disney+,Adventure,2019,6.3,142.0,United States
나 홀로 집에 2: 뉴욕을 헤매다,Movie,Disney+,Comedy,1992,6.8,120.0,United States
토이 스토리 4,Movie,Disney+,Family,2019,7.5,100.0,United States
뮬란,Movie,Disney+,Animation,1998,7.9,88.0,United States
샹치와 텐 링즈의 전설,Movie,Disney+,Action,2021,7.5,132.0,United States
엑스맨: 최후의 전쟁,Movie,Disney+,Adventure,2006,6.4,104.0,United States
닥터 스트레인지: 대혼돈의 멀티버스,Movie,Disney+,Fantasy,2022,7.2,126.0,United States
아이스 에이지 2,Movie,Disney+,Animation,2006,6.7,91.0,United States
팀 버튼의 크리스마스 악몽,Movie,Disney+,Fantasy,1993,7.8,76.0,United States
더 울버린,Movie,Disney+,Action,2013,6.4,126.0,United States
겨울왕국 2,Movie,Disney+,Family,2019,7.2,103.0,United States
엔칸토: 마법의 세계,Movie,Disney+,Animation,2021,7.6,102.0,United States
크루엘라,Movie,Disney+,Comedy,2021,8.0,134.0,United States
판타스틱 4,Movie,Disney+,Action,2005,5.8,106.0,Germany
프리 가이,Movie,Disney+,Comedy,2021,7.5,115.0,United States
벅스 라이프,Movie,Disney+,Adventure,1998,7.0,95.0,United States
한 솔로: 스타워즈 스토리,Movie,Disney+,Science Fiction,2018,6.6,135.0,United States
이터널스,Movie,Disney+,Science Fiction,2021,6.8,156.0,United States
인디아나 존스: 크리스탈 해골의 왕국,Movie,Disney+,Adventure,2008,6.0,122.0,United States
루카,Movie,Disney+,Animation,2021,7.8,95.0,United States
내가 널 사랑할 수 없는 10가지 이유,Movie,Disney+,Comedy,1999,7.6,97.0,United States
아이스 에이지 3: 공룡시대,Movie,Disney+,Animation,2009,6.8,94.0,United States
데드풀과 울버린,Movie,Disney+,Action,2024,7.6,128.0,United States
스파이더맨: 어크로스 더 유니버스,Movie,Disney+,Animation,2023,8.3,140.0,United States
토르: 러브 앤 썬더,Movie,Disney+,Fantasy,2022,6.4,119.0,United States
심슨 가족: 더 무비,Movie,Disney+,Animation,2007,7.0,87.0,United States
정글북,Movie,Disney+,Adventure,2016,6.9,106.0,United Kingdom
카 2,Movie,Disney+,Animation,2011,6.2,106.0,United States
판타스틱 4: 실버 서퍼의 위협,Movie,Disney+,Science Fiction,2007,5.6,92.0,Germany
가디언즈 오브 갤럭시 Vol. 3,Movie,Disney+,Science Fiction,2023,7.9,150.0,United States
아이스 에이지 4: 대륙 이동설,Movie,Disney+,Animation,2012,6.4,88.0,United States
주먹왕 랄프 2: 인터넷 속으로,Movie,Disney+,Action,2018,7.2,112.0,United States
헤라클레스,Movie,Disney+,Animation,1997,7.5,93.0,United States
트론: 새로운 시작,Movie,Disney+,Adventure,2010,6.5,126.0,United States
퍼시잭슨과 번개도둑,Movie,Disney+,Adventure,2010,6.2,118.0,United States
블랙 팬서: 와칸다 포에버,Movie,Disney+,Action,2022,7.0,162.0,United States
신데렐라,Movie,Disney+,Romance,2015,6.8,105.0,United Kingdom
투모로우랜드,Movie,Disney+,Adventure,2015,6.3,130.0,United States
타잔,Movie,Disney+,Animation,1999,7.4,88.0,United States
쿠스코? 쿠스코!,Movie,Disney+,Adventure,2000,7.6,78.0,United States
라야와 마지막 드래곤,Movie,Disney+,Animation,2021,7.8,107.0,United States
박물관이 살아있다 2,Movie,Disney+,Adventure,2009,6.2,105.0,United States
리오,Movie,Disney+,Animation,2011,6.8,96.0,United States
페르시아의 왕자: 시간의 모래,Movie,Disney+,Adventure,2010,6.3,116.0,United States
릴로 & 스티치,Movie,Disney+,Animation,2002,7.6,85.0,United States
엑스맨: 다크 피닉스,Movie,Disney+,Science Fiction,2019,6.0,114.0,United States
내셔널 트레져,Movie,Disney+,Adventure,2004,6.7,131.0,United States
오즈: 그레이트 앤드 파워풀,Movie,Disney+,Fantasy,2013,5.9,130.0,United States
거울나라의 앨리스,Movie,Disney+,Adventure,2016,6.6,113.0,United States
나니아 연대기: 캐스피언 왕자,Movie,Disney+,Adventure,2008,6.6,150.0,United States
인사이드 아웃 2,Movie,Disney+,Animation,2024,7.5,97.0,United States
미세스 다웃파이어,Movie,Disney+,Comedy,1993,7.2,125.0,United States
온워드: 단 하루의 기적,Movie,Disney+,Adventure,2020,7.6,102.0,United States
말레피센트 2,Movie,Disney+,Family,2019,7.3,119.0,United States
볼트,Movie,Disney+,Animation,2008,6.5,98.0,United States
카 3: 새로운 도전,Movie,Disney+,Animation,2017,6.9,102.0,United States
박물관이 살아있다: 비밀의 무덤,Movie,Disney+,Adventure,2014,6.2,98.0,United Kingdom
정글 크루즈,Movie,Disney+,Fantasy,2021,7.3,127.0,United States
공주와 개구리,Movie,Disney+,Animation,2009,7.2,98.0,United States
존 카터: 바숨 전쟁의 서막,Movie,Disney+,Action,2012,6.4,132.0,United States
포카혼타스,Movie,Disney+,Adventure,1995,6.9,81.0,United States
굿 다이노,Movie,Disney+,Adventure,2015,6.7,93.0,United States
나니아 연대기: 새벽 출정호의 항해,Movie,Disney+,Adventure,2010,6.4,113.0,United Kingdom
메이의 새빨간 비밀,Movie,Disney+,Animation,2022,7.3,100.0,United States
앤트맨과 와스프: 퀀텀매니아,Movie,Disney+,Action,2023,6.2,125.0,United States
브라더 베어,Movie,Disney+,Adventure,2003,7.3,85.0,United States
마법에 걸린 사랑,Movie,Disney+,Comedy,2007,6.8,107.0,United States
아나스타샤,Movie,Disney+,Animation,1997,7.6,94.0,United States
내셔널 트레져: 비밀의 책,Movie,Disney+,Action,2007,6.4,124.0,United States
데어데블,Movie,Disney+,Fantasy,2003,5.3,103.0,Switzerland
개들의 섬,Movie,Disney+,Adventure,2018,7.8,101.0,United States
퍼시잭슨과 괴물의 바다,Movie,Disney+,Adventure,2013,6.0,106.0,United States
노틀담의 꼽추,Movie,Disney+,Drama,1996,7.1,91.0,United States
엘리멘탈,Movie,Disney+,Animation,2023,7.6,102.0,United States
마법사의 제자,Movie,Disney+,Fantasy,2010,6.1,109.0,United States
프린세스 다이어리,Movie,Disney+,Comedy,2001,7.0,115.0,United States
비밀의  숲 테라비시아,Movie,Disney+,Adventure,2007,7.3,95.0,United States
아틀란티스: 잃어버린 제국,Movie,Disney+,Animation,2001,7.0,95.0,United States
크리스마스 캐롤,Movie,Disney+,Animation,2009,6.9,96.0,United States
아이스 에이지: 지구 대충돌,Movie,Disney+,Adventure,2016,6.1,95.0,United States
모비우스,Movie,Disney+,Action,2022,5.9,105.0,United States
하이 스쿨 뮤지컬,Movie,Disney+,Comedy,2006,6.5,98.0,United States
앨빈과 슈퍼밴드,Movie,Disney+,Comedy,2007,5.8,92.0,United States
라이온 킹 2,Movie,Disney+,Adventure,1998,6.9,81.0,United States
보물성,Movie,Disney+,Science Fiction,2002,7.6,96.0,United States
페어런트 트랩,Movie,Disney+,Comedy,1998,7.2,128.0,United States
숲속으로,Movie,Disney+,Fantasy,2014,5.8,125.0,United States
프리키 프라이데이,Movie,Disney+,Comedy,2003,6.6,97.0,United States
가필드,Movie,Disney+,Comedy,2004,5.7,80.0,United States
인디아나 존스: 운명의 다이얼,Movie,Disney+,Adventure,2023,6.5,155.0,United States
치킨 리틀,Movie,Disney+,Animation,2005,5.9,81.0,United States
콜 오브 와일드,Movie,Disney+,Adventure,2020,7.5,100.0,United States
아틀란티스 2: 마일로의 귀환,Movie,Disney+,Fantasy,2003,6.3,80.0,United States
하이 스쿨 뮤지컬 2,Movie,Disney+,Comedy,2007,6.5,111.0,United States
버즈 라이트이어,Movie,Disney+,Animation,2022,6.9,105.0,United States
리오 2,Movie,Disney+,Animation,2014,6.5,101.0,United States
뉴 뮤턴트,Movie,Disney+,Science Fiction,2020,6.1,94.0,United States
101 달마시안,Movie,Disney+,Family,1996,5.9,103.0,United Kingdom
마이 리틀 자이언트,Movie,Disney+,Adventure,2016,6.3,117.0,India
프랑켄위니,Movie,Disney+,Animation,2012,7.0,87.0,United States
하이 스쿨 뮤지컬: 졸업반,Movie,Disney+,Comedy,2008,6.5,117.0,United States
썬더볼츠*,Movie,Disney+,Action,2025,7.3,127.0,United States
세이빙 MR.뱅크스,Movie,Disney+,Comedy,2013,7.3,126.0,Australia
메리 포핀스 리턴즈,Movie,Disney+,Fantasy,2018,6.5,131.0,United States
에라곤,Movie,Disney+,Fantasy,2006,5.1,104.0,United Kingdom
알라딘 2: 돌아온 자파,Movie,Disney+,Family,1994,6.2,69.0,United States
시스터 액트,Movie,Disney+,Music,1992,6.8,100.0,United States
27번의 결혼리허설,Movie,Disney+,Comedy,2008,6.5,111.0,United States
프린세스 다이어리 2,Movie,Disney+,Comedy,2004,6.7,113.0,United States
더 마블스,Movie,Disney+,Science Fiction,2023,5.9,105.0,United States
라스트 송,Movie,Disney+,Drama,2010,7.2,107.0,United States
판타스틱 4: 새로운 출발,Movie,Disney+,Science Fiction,2025,7.0,115.0,United States
호커스 포커스,Movie,Disney+,Fantasy,1993,7.0,96.0,United States
닥터 두리틀,Movie,Disney+,Comedy,1998,5.7,85.0,United States
나 홀로 집에 3,Movie,Disney+,Comedy,1997,5.3,102.0,United States
패시파이어,Movie,Disney+,Comedy,2005,6.1,95.0,United States
라이온 킹 3,Movie,Disney+,Adventure,2004,6.6,77.0,United States
로빈슨 가족,Movie,Disney+,Animation,2007,6.9,95.0,United States
앨빈과 슈퍼밴드 2,Movie,Disney+,Comedy,2009,5.7,89.0,United States
캡틴 아메리카: 브레이브 뉴 월드,Movie,Disney+,Action,2025,6.0,119.0,United States
모아나 2,Movie,Disney+,Adventure,2024,7.0,100.0,Canada
베드타임 스토리,Movie,Disney+,Fantasy,2008,6.2,99.0,United States
스파이 지니어스,Movie,Disney+,Animation,2019,7.6,102.0,United States
열두 명의 웬수들,Movie,Disney+,Comedy,2003,6.3,98.0,United States
리멤버 타이탄,Movie,Disney+,Drama,2000,7.7,113.0,United States
우리는 동물원을 샀다,Movie,Disney+,Drama,2011,6.8,124.0,United States
솔드 아웃,Movie,Disney+,Family,1996,6.1,89.0,United States
마놀로와 마법의 책,Movie,Disney+,Animation,2014,7.5,95.0,United States
곰돌이 푸 다시 만나 행복해,Movie,Disney+,Adventure,2018,7.3,104.0,United Kingdom
주토피아 2,Movie,Disney+,Adventure,2025,7.7,108.0,United States
쇼퍼홀릭,Movie,Disney+,Comedy,2009,6.5,104.0,United States
다이너소어,Movie,Disney+,Adventure,2000,6.6,82.0,United States
80일간의 세계일주,Movie,Disney+,Action,2004,6.0,120.0,United States
무파사: 라이온 킹,Movie,Disney+,Adventure,2024,7.3,118.0,United States
엘렉트라,Movie,Disney+,Action,2005,5.1,97.0,United States
마담 웹,Movie,Disney+,Action,2024,5.3,117.0,United States
걸리버 여행기,Movie,Disney+,Family,2010,5.2,85.0,United States
플러버,Movie,Disney+,Comedy,1997,5.7,93.0,United States
디센던츠,Movie,Disney+,Family,2015,7.2,112.0,United States
뮬란 2,Movie,Disney+,Animation,2004,6.5,79.0,United States
스카이 하이,Movie,Disney+,Adventure,2005,6.3,100.0,United States
허비: 첫 시동을 걸다,Movie,Disney+,Comedy,2005,5.8,101.0,United States
피터 팬 2: 리턴 투 네버랜드,Movie,Disney+,Adventure,2002,6.5,72.0,Australia
가디언즈 오브 갤럭시 홀리데이 스페셜,Movie,Disney+,Comedy,2022,7.1,45.0,United States
앨빈과 슈퍼밴드 3,Movie,Disney+,Comedy,2011,5.7,87.0,United States
가필드 2,Movie,Disney+,Comedy,2006,5.6,86.0,United Kingdom
피터와 드래곤,Movie,Disney+,Adventure,2016,6.4,103.0,United States
산타 클로스,Movie,Disney+,Fantasy,1994,6.5,97.0,United States
쿨 러닝,Movie,Disney+,Comedy,1993,7.0,98.0,United States
조지 오브 정글,Movie,Disney+,Adventure,1997,5.7,92.0,United States
호두까기 인형과 4개의 왕국,Movie,Disney+,Family,2018,6.1,99.0,United States
스타워즈: 클론 전쟁,Movie,Disney+,Animation,2008,6.1,98.0,United States
게임 플랜,Movie,Disney+,Comedy,2007,6.5,110.0,United States
캠프 락,Movie,Disney+,Music,2008,6.4,99.0,United States
카우 삼총사,Movie,Disney+,Animation,2004,6.1,76.0,United States
헌티드 맨션,Movie,Disney+,Thriller,2003,5.7,88.0,United States
한나 몬타나: 더 무비,Movie,Disney+,Comedy,2009,6.6,102.0,United States
열두 명의 웬수들 2,Movie,Disney+,Comedy,2005,6.2,94.0,Canada
노미오와 줄리엣,Movie,Disney+,Animation,2011,5.9,84.0,United Kingdom
슈팅 라이크 베컴,Movie,Disney+,Comedy,2002,6.3,112.0,Germany
고장난 론,Movie,Disney+,Animation,2021,7.9,107.0,United Kingdom
G-포스: 기니피그 특공대,Movie,Disney+,Family,2009,5.5,88.0,United States
당신이 잠든 사이에,Movie,Disney+,Romance,1995,7.0,103.0,United States
알라딘 3: 알라딘과 도적의 왕,Movie,Disney+,Adventure,1996,6.3,81.0,United States
시스터 액트 2,Movie,Disney+,Music,1993,6.4,107.0,United States
구피 무비 오리지널,Movie,Disney+,Adventure,1995,7.0,78.0,Australia
겨울왕국 열기,Movie,Disney+,Animation,2015,6.8,8.0,United States
시간의 주름,Movie,Disney+,Adventure,2018,5.1,109.0,United States
아이스 에이지: 벅의 대모험,Movie,Disney+,Animation,2022,6.6,82.0,Canada
비행기,Movie,Disney+,Animation,2013,5.9,91.0,United States
호커스 포커스 2,Movie,Disney+,Fantasy,2022,7.2,104.0,United States
에이트 빌로우,Movie,Disney+,Adventure,2006,7.0,120.0,Germany
윗치 마운틴,Movie,Disney+,Adventure,2009,5.8,98.0,United States
페이퍼맨,Movie,Disney+,Animation,2012,8.0,7.0,United States
스트레이트 스토리,Movie,Disney+,Drama,1999,7.7,112.0,United States
우리 가족 마법사: 무비,Movie,Disney+,Family,2009,7.3,94.0,United States
인어공주 2,Movie,Disney+,Animation,2000,6.4,75.0,Australia
웨스트 사이드 스토리,Movie,Disney+,Drama,2021,6.9,156.0,United States
위시,Movie,Disney+,Animation,2023,6.2,95.0,United States
디센던츠 2,Movie,Disney+,Family,2017,7.4,111.0,United States
윔피 키드,Movie,Disney+,Comedy,2010,6.3,92.0,United Kingdom
닥터 두리틀 2,Movie,Disney+,Comedy,2001,5.3,87.0,United States
프린세스 구출 대작전,Movie,Disney+,Family,2009,6.7,89.0,United States
파이니스트 아워,Movie,Disney+,Action,2016,6.6,117.0,United States
파이퍼,Movie,Disney+,Family,2016,8.1,6.0,United States
머펫 대소동,Movie,Disney+,Comedy,2011,6.7,103.0,United States
레이싱 인 더 레인,Movie,Disney+,Drama,2019,8.2,109.0,United States
백설공주,Movie,Disney+,Family,2025,4.3,109.0,United States
릴로 & 스티치 2,Movie,Disney+,Animation,2005,6.7,68.0,United States
디센던츠 3,Movie,Disney+,Family,2019,7.7,106.0,United States
아쿠아마린,Movie,Disney+,Fantasy,2006,6.5,103.0,Australia
25살의 키스,Movie,Disney+,Romance,1999,6.2,107.0,United States
에버 애프터,Movie,Disney+,Drama,1998,7.5,121.0,United States
캠프 락 2: 마지막 콘서트,Movie,Disney+,Comedy,2010,6.3,104.0,United States
팅커벨,Movie,Disney+,Animation,2008,6.9,78.0,India
브라더 베어 2,Movie,Disney+,Adventure,2006,6.7,73.0,United States
홀즈,Movie,Disney+,Adventure,2003,6.9,117.0,United States
신데렐라 2,Movie,Disney+,Family,2002,6.1,74.0,Japan
웨어울프 바이 나이트,Movie,Disney+,Action,2022,7.0,55.0,United States
프리 솔로,Movie,Disney+,Documentary,2018,7.9,100.0,United States
올라프의 겨울왕국 어드벤처,Movie,Disney+,Animation,2017,6.5,22.0,United States
신부의 아버지,Movie,Disney+,Comedy,1991,6.5,105.0,United States
102 달마시안,Movie,Disney+,Family,2000,5.5,100.0,United States
베이비 데이 아웃,Movie,Disney+,Comedy,1994,6.4,99.0,United States
포카혼타스 2,Movie,Disney+,Animation,1998,5.5,72.0,United States
제임스와 거대한 복숭아,Movie,Disney+,Family,1996,6.6,79.0,United States
산타 클로스 2,Movie,Disney+,Fantasy,2002,6.0,104.0,United States
스트레인지 월드,Movie,Disney+,Animation,2022,6.2,102.0,United States
트론: 아레스,Movie,Disney+,Science Fiction,2025,6.5,119.0,United States
난 지구 반대편 나라로 가버릴테야,Movie,Disney+,Family,2014,6.2,81.0,United States
코디와 생쥐구조대,Movie,Disney+,Animation,1990,6.6,77.0,United States
나 홀로 집에 4,Movie,Disney+,Comedy,2002,4.5,84.0,United States
칩과 데일: 다람쥐 구조대,Movie,Disney+,Animation,2022,7.0,99.0,United States
환타지아 2000,Movie,Disney+,Animation,2000,7.0,74.0,United States
잭,Movie,Disney+,Comedy,1996,6.3,113.0,United States
팅커벨 4: 날개의 비밀,Movie,Disney+,Animation,2012,7.2,75.0,India
쿠스코? 쿠스코! 2,Movie,Disney+,Animation,2005,6.4,75.0,United States
댄 인 러브,Movie,Disney+,Comedy,2007,6.6,98.0,United States
리지 맥과이어,Movie,Disney+,Family,2003,6.3,94.0,United States
신데렐라 3,Movie,Disney+,Animation,2007,6.5,74.0,United States
리틀 야구왕,Movie,Disney+,Family,1993,7.6,101.0,United States
형사 가제트,Movie,Disney+,Action,1999,4.5,78.0,United States
레이디와 트램프 2,Movie,Disney+,Animation,2001,6.3,69.0,Australia
바오,Movie,Disney+,Animation,2018,7.6,8.0,United States
유 어게인,Movie,Disney+,Comedy,2010,6.3,105.0,United States
새들의 이야기,Movie,Disney+,Animation,2000,7.5,4.0,United States
아이가 커졌어요,Movie,Disney+,Adventure,1992,5.3,89.0,United States
윔피 키드 2,Movie,Disney+,Family,2011,6.7,99.0,United States
티모시 그린의 이상한 삶,Movie,Disney+,Fantasy,2012,7.0,105.0,United States
타잔 2,Movie,Disney+,Adventure,2005,6.1,72.0,United States
101마리 강아지 2: 패치의 런던 대모험,Movie,Disney+,Family,2003,6.0,74.0,United States
헌티드 맨션,Movie,Disney+,Comedy,2023,6.4,123.0,United States
스타스트럭,Movie,Disney+,Romance,2010,7.0,80.0,United States
제리의 게임,Movie,Disney+,Animation,1997,7.6,4.0,United States
정글북 2,Movie,Disney+,Family,2003,5.9,72.0,United States
팅커벨 6: 네버비스트의 전설,Movie,Disney+,Adventure,2014,7.4,77.0,United States
마법에 걸린 사랑 2,Movie,Disney+,Comedy,2022,6.7,118.0,United States
산타 클로스 3,Movie,Disney+,Comedy,2006,5.6,92.0,United States
머펫의 크리스마스 캐롤,Movie,Disney+,Music,1992,7.4,86.0,United States
34번가의 기적,Movie,Disney+,Fantasy,1994,6.8,114.0,United States
라바,Movie,Disney+,Animation,2015,7.3,7.0,United States
와일드,Movie,Disney+,Action,2006,5.5,82.0,Canada
"미라큘러스 월드: 뉴욕, 하나된 영웅들!",Movie,Disney+,Animation,2020,8.1,61.0,Brazil
키드,Movie,Disney+,Fantasy,2000,6.8,104.0,United States
머나먼 여정,Movie,Disney+,Adventure,1993,7.0,84.0,United States
라푼젤 그 후 이야기,Movie,Disney+,Animation,2012,7.1,6.0,United States
팅커벨 2: 잃어버린 보물,Movie,Disney+,Animation,2009,6.8,81.0,India
비버리힐즈 치와와,Movie,Disney+,Comedy,2008,5.4,91.0,United States
라일리의 첫 번째 데이트?,Movie,Disney+,Animation,2015,7.2,5.0,United States
구름 조금,Movie,Disney+,Animation,2009,7.8,6.0,United States
레모네이드 마우스,Movie,Disney+,Drama,2011,7.4,113.0,United States
미녀와 야수: 마법의 크리스마스,Movie,Disney+,Animation,1997,6.2,72.0,United States
위자드 리턴: 알렉스 vs 알렉스,Movie,Disney+,Family,2013,7.8,60.0,United States
인어공주 3,Movie,Disney+,Family,2008,6.7,77.0,United States
팅커벨 5: 해적 요정,Movie,Disney+,Animation,2014,7.0,78.0,United States
프레스토,Movie,Disney+,Animation,2008,7.8,5.0,United States
윔피 키드 3,Movie,Disney+,Comedy,2012,6.4,94.0,United States
삼총사,Movie,Disney+,Action,1993,6.4,105.0,United States
토이 스토리: 공룡 전사들의 도시,Movie,Disney+,Animation,2014,7.0,22.0,United States
밤비 2,Movie,Disney+,Animation,2006,6.5,72.0,United States
인간 로켓티어,Movie,Disney+,Adventure,1991,6.5,108.0,United States
인빈서블,Movie,Disney+,Drama,2006,7.0,105.0,United States
오비완 케노비: 제다이가 돌아오다,Movie,Disney+,Documentary,2022,6.8,60.0,United States
팅커벨 3: 위대한 요정 구조대,Movie,Disney+,Animation,2010,6.8,76.0,India
토이 스토리: 공포의 대탈출,Movie,Disney+,Adventure,2013,7.2,22.0,United States
엘리오,Movie,Disney+,Adventure,2025,6.9,98.0,United States
잭잭의 공격,Movie,Disney+,Adventure,2005,7.3,5.0,United States
디즈니 삼총사,Movie,Disney+,Adventure,2004,6.7,68.0,United States
마이티 덕,Movie,Disney+,Comedy,1992,6.6,101.0,United States
발리언트,Movie,Disney+,Family,2005,5.6,76.0,United Kingdom
곰돌이 푸,Movie,Disney+,Animation,2011,6.9,63.0,United States
틴 비치 무비,Movie,Disney+,Family,2013,6.9,95.0,United States
10대 드라마 퀸의 고백,Movie,Disney+,Comedy,2004,5.7,90.0,United States
낮과 밤,Movie,Disney+,Animation,2010,7.7,6.0,United States
맥팔랜드 USA,Movie,Disney+,Drama,2015,7.5,128.0,United States
아이스 프린세스,Movie,Disney+,Family,2005,6.4,98.0,United States
도널드 덕 가족의 모험: 잃어버린 보물 램프,Movie,Disney+,Adventure,1990,6.7,74.0,France
비행기 2: 소방구조대,Movie,Disney+,Animation,2014,6.2,83.0,United States
피스트,Movie,Disney+,Animation,2014,7.8,6.0,United States
머펫 대소동 2,Movie,Disney+,Comedy,2014,6.3,107.0,United States
빅 이어,Movie,Disney+,Comedy,2011,6.0,102.0,United States
마이티 조 영,Movie,Disney+,Adventure,1998,6.3,114.0,United States
마블 원샷: 에이전트 카터,Movie,Disney+,Adventure,2013,7.2,15.0,United States
노틀담의 꼽추 2,Movie,Disney+,Animation,2002,5.4,68.0,United States
라 루나,Movie,Disney+,Animation,2012,7.8,7.0,United States
왕이 될 아이,Movie,Disney+,Action,2019,6.2,120.0,United Kingdom
비포 더 플러드,Movie,Disney+,Documentary,2016,7.7,93.0,United States
플레이밍 핫,Movie,Disney+,Drama,2023,7.9,99.0,United States
리프티드,Movie,Disney+,Family,2006,7.5,5.0,United States
신부의 아버지 2,Movie,Disney+,Comedy,1995,6.3,106.0,United States
번-E,Movie,Disney+,Animation,2008,7.5,8.0,United States
글로리 로드,Movie,Disney+,Drama,2006,7.4,118.0,United States
라모나 & 비저스,Movie,Disney+,Comedy,2010,6.6,103.0,United States
긱 차밍,Movie,Disney+,Comedy,2011,6.7,98.0,United States
올드 독스,Movie,Disney+,Comedy,2009,5.6,88.0,United States
스티치 무비,Movie,Disney+,Comedy,2003,6.4,63.0,United States
스노우 독스,Movie,Disney+,Comedy,2002,5.6,99.0,Canada
화성은 엄마가 필요해,Movie,Disney+,Adventure,2011,6.0,88.0,United States
좀비스,Movie,Disney+,Fantasy,2018,7.3,94.0,United States
피터팬 & 웬디,Movie,Disney+,Family,2023,5.4,106.0,United States
언더독,Movie,Disney+,Family,2007,5.6,82.0,United States
마이크의 새 차,Movie,Disney+,Animation,2002,6.9,3.0,United States
노엘,Movie,Disney+,Family,2019,6.6,100.0,United States
아빠가 줄었어요,Movie,Disney+,Adventure,1997,5.4,74.0,United States
미키의 크리스마스,Movie,Disney+,Animation,1999,7.1,66.0,United States
프리키 프라이데이 2,Movie,Disney+,Comedy,2025,6.8,110.0,United States
하와이 휴가,Movie,Disney+,Animation,2011,7.0,7.0,United States
토드와 코퍼 2,Movie,Disney+,Adventure,2006,6.0,69.0,United States
아이스 에이지: 매머드 크리스마스,Movie,Disney+,Animation,2011,6.5,26.0,United States
안녕 알베르토,Movie,Disney+,Animation,2021,7.4,7.0,United States
구피 무비: X게임 대소동,Movie,Disney+,Animation,2000,6.4,79.0,Australia
나 홀로 즐거운 집에,Movie,Disney+,Family,2021,4.9,93.0,United States
심슨 가족: 좋은 놈 바트 놈 로키 놈,Movie,Disney+,Animation,2021,7.2,6.0,United States
레드 테일스,Movie,Disney+,Drama,2012,6.6,125.0,United States
"미라큘러스 월드: 상하이, 레이디 드레곤의 전설",Movie,Disney+,Animation,2021,7.9,54.0,Brazil
타잔과 제인,Movie,Disney+,Animation,2002,6.0,75.0,United States
Perfect Strangers,Movie,Disney+,Drama,2017,6.7,101.0,Italy
미라클,Movie,Disney+,Drama,2004,7.1,135.0,United States
늑대 개,Movie,Disney+,Action,1991,6.8,107.0,United States
마이티 덕 2,Movie,Disney+,Comedy,1994,6.2,106.0,United States
조이의 비밀 앱,Movie,Disney+,TV Movie,2014,6.1,94.0,Canada
세크리테리엇,Movie,Disney+,Drama,2010,7.4,123.0,United States
나의 수호요정 이야기,Movie,Disney+,Family,2020,6.7,110.0,United States
곰돌이 푸 - 티거 무비,Movie,Disney+,Animation,2000,6.6,77.0,United States
"미라큘러스 월드: 파리, 셰이디버그와 블랙클로",Movie,Disney+,Animation,2023,7.3,48.0,Canada
리턴 투 할로윈타운,Movie,Disney+,Family,2006,6.6,88.0,United States
마블 원-샷: 컨설턴트,Movie,Disney+,Adventure,2011,6.3,4.0,United States
사관생도 켈리,Movie,Disney+,Family,2002,6.2,100.0,Canada
마블 원샷: 왕을 경배하라,Movie,Disney+,Action,2014,6.7,14.0,United States
마블 원샷: 아이템 47,Movie,Disney+,Science Fiction,2012,6.4,12.0,United States
리로이 & 스티치,Movie,Disney+,Animation,2006,6.5,73.0,United States
원 맨 밴드,Movie,Disney+,Animation,2005,7.2,5.0,United States
틴 비치 무비 2,Movie,Disney+,TV Movie,2015,6.8,104.0,United States
피니와 퍼브 무비: 2차원을 넘어서,Movie,Disney+,Action,2011,7.1,78.0,United States
할로윈타운,Movie,Disney+,TV Movie,1998,6.8,84.0,United States
점프,Movie,Disney+,Animation,2003,6.5,5.0,United States
작은 버즈 라이트이어,Movie,Disney+,Animation,2011,6.9,7.0,Canada
파란 우산,Movie,Disney+,Animation,2013,7.5,7.0,United States
팀 토르,Movie,Disney+,Comedy,2016,7.2,3.0,United States
뉴욕 세 남자와 아기 2,Movie,Disney+,Family,1990,5.9,104.0,United States
아발론 하이,Movie,Disney+,Fantasy,2011,6.2,91.0,United States
올라프의 탄생,Movie,Disney+,Adventure,2020,6.9,7.0,United States
드럼라인,Movie,Disney+,Drama,2002,6.9,118.0,United States
라이크 마이크,Movie,Disney+,Comedy,2002,6.1,99.0,United States
둘째들의 왕실 비밀 결사대,Movie,Disney+,Action,2020,6.6,97.0,Canada
스트레인지 매직,Movie,Disney+,Music,2015,7.2,99.0,United States
마블 원샷: 토르의 망치를 가지러 가던 길의 기묘한 사건,Movie,Disney+,Science Fiction,2011,6.9,4.0,United States
샤페이의 멋진 모험,Movie,Disney+,Family,2011,6.0,90.0,Canada
코벤트리의 전설,Movie,Disney+,Comedy,2005,6.7,86.0,United States
클라우드 9,Movie,Disney+,Drama,2014,6.9,90.0,United States
백지 수표,Movie,Disney+,Comedy,1994,6.0,93.0,United States
내 생애 최고의 경기,Movie,Disney+,Drama,2005,7.3,120.0,Canada
썸벨리나,Movie,Disney+,Animation,1994,6.5,87.0,United States
머나먼 여정 2,Movie,Disney+,Adventure,1996,6.6,89.0,United States
더 수트 라이프 무비,Movie,Disney+,Adventure,2011,6.1,79.0,United States
윔피 키드: 가족 여행의 법칙,Movie,Disney+,Adventure,2017,5.3,91.0,United States
테일러 스위프트: 디 에라스 투어,Movie,Disney+,Music,2023,8.2,169.0,United States
파티공룡 렉스,Movie,Disney+,Family,2012,7.1,7.0,Canada
에어 버드,Movie,Disney+,Comedy,1997,5.6,98.0,Canada
아이스 에이지: 알 찾기 대소동,Movie,Disney+,Animation,2016,6.4,25.0,United States
좀비스 2,Movie,Disney+,Fantasy,2020,7.5,84.0,Canada
완다비전,TV Show,Disney+,Sci-Fi & Fantasy,2021,8.2,,United States
로키,TV Show,Disney+,Drama,2021,8.2,,United States
만달로리안,TV Show,Disney+,Sci-Fi & Fantasy,2019,8.4,,United States
팔콘과 윈터 솔져,TV Show,Disney+,Action & Adventure,2021,7.6,,United States
아메리칸 호러 스토리,TV Show,Disney+,Drama,2011,8.1,,United States
마블 데어데블,TV Show,Disney+,Crime,2015,8.2,,United States
말콤네 좀 말려줘,TV Show,Disney+,Comedy,2000,8.5,,United States
왓 이프...?,TV Show,Disney+,Animation,2021,8.1,,United States
미라큘러스 레이디버그,TV Show,Disney+,Action & Adventure,2015,8.1,,France
에이전트 오브 쉴드,TV Show,Disney+,Drama,2013,7.5,,United States
호크아이,TV Show,Disney+,Drama,2021,7.8,,United States
문나이트,TV Show,Disney+,Sci-Fi & Fantasy,2022,7.6,,United States
괴짜가족 괴담일기,TV Show,Disney+,Action & Adventure,2012,8.6,22.0,United States
Marvel 퍼니셔,TV Show,Disney+,Action & Adventure,2017,8.2,53.0,United States
북 오브 보바 펫,TV Show,Disney+,Action & Adventure,2021,7.5,,United States
마블 아이언 피스트,TV Show,Disney+,Action & Adventure,2017,6.5,,United States
마블 제시카 존스,TV Show,Disney+,Sci-Fi & Fantasy,2015,7.5,,United States
변호사 쉬헐크,TV Show,Disney+,Comedy,2022,6.1,,United States
원스 어폰 어 타임,TV Show,Disney+,Drama,2011,7.4,43.0,United States
스타워즈: 클론전쟁,TV Show,Disney+,Action & Adventure,2008,8.5,,United States
오비완 케노비,TV Show,Disney+,Sci-Fi & Fantasy,2022,7.0,,United States
아파트 이웃들이 수상해,TV Show,Disney+,Comedy,2021,8.5,,United States
카다시안 패밀리,TV Show,Disney+,Reality,2022,8.5,,United States
스타워즈: 안도르,TV Show,Disney+,Sci-Fi & Fantasy,2022,8.3,,United States
마블 루크 케이지,TV Show,Disney+,Drama,2016,6.9,46.0,United States
에이전트 카터,TV Show,Disney+,Drama,2015,7.5,43.0,United States
아울 하우스,TV Show,Disney+,Animation,2020,8.7,,United States
더 베어,TV Show,Disney+,Drama,2022,8.2,,United States
"러브, 빅터",TV Show,Disney+,Comedy,2020,8.6,,United States
마블 디펜더스,TV Show,Disney+,Sci-Fi & Fantasy,2017,7.1,,United States
원스,TV Show,Disney+,Comedy,2017,8.6,,Argentina
프린세스 스타의 모험일기,TV Show,Disney+,Action & Adventure,2015,8.4,11.0,United States
미즈 마블,TV Show,Disney+,Sci-Fi & Fantasy,2022,6.3,,United States
몬스터 근무일지,TV Show,Disney+,Family,2021,7.2,,United States
시크릿 인베이젼,TV Show,Disney+,Drama,2023,6.5,,United States
엑스맨,TV Show,Disney+,Kids,1992,8.2,,United States
아소카,TV Show,Disney+,Sci-Fi & Fantasy,2023,7.4,,United States
우리 가족 마법사,TV Show,Disney+,Comedy,2007,8.6,23.0,United States
스타워즈: 배드 배치,TV Show,Disney+,Animation,2021,8.2,,United States
스파이더맨,TV Show,Disney+,Animation,1994,8.3,,United States
소이 루나,TV Show,Disney+,Soap,2016,8.0,45.0,Argentina
우리는 공룡 가족,TV Show,Disney+,Sci-Fi & Fantasy,1991,7.8,23.0,United States
얼티밋 스파이더맨,TV Show,Disney+,Animation,2012,7.7,21.0,United States
피니와 퍼브,TV Show,Disney+,Animation,2007,7.9,,United States
스타워즈 반란군,TV Show,Disney+,Action & Adventure,2014,7.7,,United States
데어데블: 본 어게인,TV Show,Disney+,Drama,2025,8.2,,United States
전부 애거사 짓이야,TV Show,Disney+,Sci-Fi & Fantasy,2024,7.5,,United States
글리,TV Show,Disney+,Comedy,2009,6.8,,
애콜라이트,TV Show,Disney+,Mystery,2024,5.4,,United States
하이 스쿨 뮤지컬: 뮤지컬: 시리즈,TV Show,Disney+,Family,2019,8.0,,United States
어벤져스: 지구 최고의 영웅들,TV Show,Disney+,Action & Adventure,2010,8.2,22.0,United States
퍼시 잭슨과 올림포스의 신들,TV Show,Disney+,Action & Adventure,2023,7.3,,United States
인휴먼즈,TV Show,Disney+,Drama,2017,5.9,,Canada
한나 몬타나,TV Show,Disney+,Comedy,2006,7.1,23.0,United States
인어공주,TV Show,Disney+,Family,1992,7.0,22.0,United States
라일리의 세상,TV Show,Disney+,Comedy,2014,8.3,23.0,United States
아빠 뭐 하세요,TV Show,Disney+,Comedy,1991,7.4,22.0,United States
앨리어스,TV Show,Disney+,Action & Adventure,2001,6.8,43.0,United States
"잭과 코디, 우리집은 호텔 스위트룸",TV Show,Disney+,Comedy,2005,7.6,23.0,United States
블루이,TV Show,Disney+,Animation,2018,8.6,7.0,Australia
마블 스튜디오: 레전드,TV Show,Disney+,Documentary,2021,7.4,8.0,United States
어벤져스 어셈블,TV Show,Disney+,Action & Adventure,2013,7.5,22.0,United States
제시,TV Show,Disney+,Comedy,2011,8.0,23.0,United States
엑스맨 '97,TV Show,Disney+,Animation,2024,8.5,,United States
Kick Buttowski: Suburban Daredevil,TV Show,Disney+,Animation,2010,8.1,22.0,United States
티몬과 품바,TV Show,Disney+,Animation,1995,7.2,,United States
릴로와 스티치,TV Show,Disney+,Animation,2003,7.4,,United States
호기심 해결사,TV Show,Disney+,Documentary,2003,7.8,43.0,Australia
솔라 오포짓,TV Show,Disney+,Comedy,2020,7.8,,United States
에코,TV Show,Disney+,Action & Adventure,2024,6.1,,United States
코리의 세상,TV Show,Disney+,Drama,1993,8.3,24.0,United States
킴 파서블,TV Show,Disney+,Animation,2002,7.5,22.0,United States
리틀 프린세스 소피아,TV Show,Disney+,Family,2013,7.2,23.0,United States
더그의 일상,TV Show,Disney+,Animation,2021,7.4,,United States
X-Men: Evolution,TV Show,Disney+,Kids,2000,8.0,,United States
"잭과 코디, 우리 학교는 호화유람선",TV Show,Disney+,Comedy,2008,7.8,23.0,United States
돕식: 약물의 늪,TV Show,Disney+,Crime,2021,8.0,,United States
Recess,TV Show,Disney+,Animation,1997,7.7,,United States
American Dragon: Jake Long,TV Show,Disney+,Animation,2005,7.7,22.0,United States
스타워즈: 클론전쟁,TV Show,Disney+,Action & Adventure,2003,7.8,3.0,United States
스타워즈: 제다이 이야기,TV Show,Disney+,Animation,2022,7.9,,United States
나는 그루트다,TV Show,Disney+,Animation,2022,7.0,,United States
전사 골리앗,TV Show,Disney+,Animation,1994,8.1,22.0,
스타워즈: 비전스,TV Show,Disney+,Animation,2021,7.1,,Chile
아이언하트,TV Show,Disney+,Sci-Fi & Fantasy,2025,5.3,,United States
찰리야 부탁해,TV Show,Disney+,Comedy,2010,7.9,23.0,United States
스타워즈: 스켈레톤 크루,TV Show,Disney+,Action & Adventure,2024,6.8,,United States
웰컴 투 어스,TV Show,Disney+,Documentary,2021,7.6,44.0,United Kingdom
비틀즈: 겟 백,TV Show,Disney+,Documentary,2021,8.4,,New Zealand
리브 & 매디,TV Show,Disney+,Comedy,2013,8.0,24.0,United States
스파이더맨,TV Show,Disney+,Animation,2017,7.5,21.0,United States
미키마우스 클럽하우스,TV Show,Disney+,Kids,2006,6.8,,United States
"인류의 새로운 시작, 마스",TV Show,Disney+,Sci-Fi & Fantasy,2016,7.1,50.0,United States
마블 좀비스,TV Show,Disney+,Sci-Fi & Fantasy,2025,7.3,,United States
리지 맥과이어,TV Show,Disney+,Comedy,2001,7.2,22.0,United States
"신비한 개구리 나라, 앰피비아",TV Show,Disney+,Animation,2019,8.6,11.0,United States
유쾌한 써니,TV Show,Disney+,Comedy,2009,7.7,22.0,United States
빅마우스,TV Show,Disney+,Mystery,2022,8.3,68.0,South Korea
BIA,TV Show,Disney+,Drama,2019,7.8,,Argentina
블랙키시,TV Show,Disney+,Comedy,2014,7.1,23.0,United States
오리 형사 다크,TV Show,Disney+,Action & Adventure,1991,7.4,22.0,United States
헤라클레스,TV Show,Disney+,Comedy,1998,6.9,23.0,United States
설강화,TV Show,Disney+,Drama,2021,8.5,86.0,South Korea
올라프가 전해요,TV Show,Disney+,Animation,2021,7.2,2.0,United States
비올레타,TV Show,Disney+,Family,2012,8.1,45.0,Argentina
카 여행을 떠나요,TV Show,Disney+,Family,2022,7.4,,United States
고대의 외계인,TV Show,Disney+,Documentary,2010,7.0,42.0,United States
우리는 댄스소녀,TV Show,Disney+,Family,2010,7.6,23.0,United States
주토피아+,TV Show,Disney+,Animation,2022,7.1,,United States
닥터 후,TV Show,Disney+,Action & Adventure,2024,6.4,,United Kingdom
전당포 사나이들,TV Show,Disney+,Reality,2009,7.1,,United States
보스 베이비: 다시 베이비로,TV Show,Disney+,Comedy,2022,8.2,,Argentina
울버린과 엑스맨,TV Show,Disney+,Animation,2009,7.5,22.0,Germany
무빙,TV Show,Disney+,Mystery,2023,8.5,,South Korea
베이맥스!,TV Show,Disney+,Animation,2022,7.5,12.0,United States
내 이름은 레이븐,TV Show,Disney+,Comedy,2003,7.3,23.0,United States
당신의 친절한 이웃 스파이더맨,TV Show,Disney+,Animation,2025,7.8,,United States
설퍼 스프링스의 비밀,TV Show,Disney+,Family,2021,8.2,25.0,United States
Andi Mack,TV Show,Disney+,Comedy,2017,8.0,23.0,United States
라이온 수호대,TV Show,Disney+,Kids,2016,7.6,23.0,United States
"스파이디, 그리고 놀라운 친구들",TV Show,Disney+,Animation,2021,7.0,12.0,Canada
스파이더맨 언리미티드,TV Show,Disney+,Animation,1999,7.5,,United States
조명가게,TV Show,Disney+,Mystery,2024,8.5,45.0,South Korea
더그,TV Show,Disney+,Animation,1991,7.3,,France
내셔널 트레져: 숨겨진 이야기,TV Show,Disney+,Action & Adventure,2022,6.7,43.0,United States
미키마우스,TV Show,Disney+,Animation,2013,7.6,3.0,United States
구스범스,TV Show,Disney+,Sci-Fi & Fantasy,2023,7.1,,United States
스타워즈: 제국 이야기,TV Show,Disney+,Animation,2024,7.3,,United States
오스틴 & 앨리,TV Show,Disney+,Comedy,2011,7.8,25.0,United States
천재소녀 두기,TV Show,Disney+,Drama,2021,7.8,,United States
Ghost Adventures,TV Show,Disney+,Reality,2008,7.7,45.0,United States
TaleSpin,TV Show,Disney+,Family,1990,7.4,30.0,United States
딘은 12살,TV Show,Disney+,Comedy,2021,7.0,21.0,United States
숨겨진 세상: 겨울왕국2 메이킹,TV Show,Disney+,Documentary,2020,6.9,33.0,United States
8 Simple Rules,TV Show,Disney+,Comedy,2002,6.8,,United States
픽사 팝콘,TV Show,Disney+,Animation,2021,7.2,3.0,United States
KC 언더커버 하이스쿨 스파이,TV Show,Disney+,Kids,2015,7.8,,United States
우리가족 또 다른 마법사,TV Show,Disney+,Comedy,2024,8.8,24.0,United States
약골 탈피 하이킥,TV Show,Disney+,Family,2011,8.3,23.0,United States
아이스 에이지: 스크랫 이야기,TV Show,Disney+,Animation,2022,7.3,4.0,United States
The Finder,TV Show,Disney+,Drama,2012,7.1,43.0,United States
굿 트러블,TV Show,Disney+,Drama,2019,7.5,42.0,United States
아무튼,TV Show,Disney+,Comedy,2011,8.1,,France
실험실의 비밀친구,TV Show,Disney+,Comedy,2012,8.1,22.0,United States
산타 클로스,TV Show,Disney+,Comedy,2022,7.1,,United States
스타워즈 저항군,TV Show,Disney+,Sci-Fi & Fantasy,2018,6.2,22.0,United States
아이즈 오브 와칸다,TV Show,Disney+,Animation,2025,6.2,,United States
생명을 건 포획,TV Show,Disney+,Reality,2005,7.2,,United States
트론: 업라이징,TV Show,Disney+,Animation,2012,7.5,30.0,United States
그로운-이시,TV Show,Disney+,Comedy,2018,7.9,,United States
구피와 친구들,TV Show,Disney+,Comedy,1992,6.7,23.0,United States
제조의 비밀,TV Show,Disney+,Documentary,2001,7.6,30.0,Canada
드림 프로덕션,TV Show,Disney+,Animation,2024,7.8,,United States
악동황제 쿠스코,TV Show,Disney+,Comedy,2006,7.3,23.0,United States
평행 우주,TV Show,Disney+,Action & Adventure,2022,7.7,,France
아이언맨: 아머 어드벤처,TV Show,Disney+,Animation,2009,7.4,22.0,India
메크-X4,TV Show,Disney+,Sci-Fi & Fantasy,2016,8.0,21.0,United States
못 말리는 프라우드 가족,TV Show,Disney+,Animation,2001,7.8,22.0,United States
원스 어폰 어 타임 인 원더랜드,TV Show,Disney+,Sci-Fi & Fantasy,2013,6.8,45.0,
레이븐의 집,TV Show,Disney+,Family,2017,7.7,25.0,United States
Forged in Fire,TV Show,Disney+,Reality,2015,7.8,42.0,United States
Life After People: The Series,TV Show,Disney+,Documentary,2009,7.2,60.0,United States
A.N.T. 영재 클럽,TV Show,Disney+,Comedy,2011,7.2,23.0,United States
모두의 리그: 이기거나 지거나,TV Show,Disney+,Animation,2025,8.0,,United States
사운드트랙 #1,TV Show,Disney+,Drama,2022,7.6,44.0,South Korea
Storage Wars,TV Show,Disney+,Reality,2010,5.8,25.0,United States
댄싱 위드 더 스타,TV Show,Disney+,Reality,2005,6.1,,United States
중간 딸은 힘들어,TV Show,Disney+,Comedy,2016,7.7,23.0,United States
슈퍼 히어로 스쿼드 쇼,TV Show,Disney+,Action & Adventure,2009,7.5,22.0,United States
스타워즈: 언더월드 이야기,TV Show,Disney+,Animation,2025,7.3,,United States
Dance Moms,TV Show,Disney+,Reality,2011,7.1,,United States
디즈니 얽히고 엮인 그녀들,TV Show,Disney+,Sci-Fi & Fantasy,2021,7.7,,Argentina
Pair of Kings,TV Show,Disney+,Family,2010,7.8,30.0,United States
스탠의 블로그 일기,TV Show,Disney+,Comedy,2012,7.0,21.0,United States
아메리칸 본 차이니즈,TV Show,Disney+,Comedy,2023,6.6,,United States
아이언맨,TV Show,Disney+,Animation,1994,6.7,,
조각도시,TV Show,Disney+,Crime,2025,8.5,50.0,South Korea
American Pickers,TV Show,Disney+,Reality,2010,6.9,45.0,United States
Bear in the Big Blue House,TV Show,Disney+,Kids,1997,7.5,25.0,United States
프로젝트 런웨이,TV Show,Disney+,Reality,2004,6.3,43.0,United States
머펫 대소동,TV Show,Disney+,Comedy,2015,7.0,23.0,United States
생존 시그널,TV Show,Disney+,Reality,2013,6.8,,United States
레니게이드 넬,TV Show,Disney+,Action & Adventure,2024,7.3,,United Kingdom
Duck Dynasty,TV Show,Disney+,Reality,2012,6.5,30.0,United States
조나스 브라더스,TV Show,Disney+,Comedy,2009,7.4,23.0,United States
A Thousand Blows,TV Show,Disney+,Drama,2025,6.6,,United Kingdom
공항 경비대,TV Show,Disney+,Documentary,2015,7.7,44.0,Argentina
얼론: 생존게임,TV Show,Disney+,Reality,2015,7.2,42.0,United States
Zeke and Luther,TV Show,Disney+,Comedy,2009,7.7,23.0,United States
Invisible,TV Show,Disney+,Drama,2024,8.2,,Spain
미키마우스의 멋진 대모험,TV Show,Disney+,Animation,2020,7.5,7.0,United States
빅 히어로 시리즈,TV Show,Disney+,Action & Adventure,2017,7.6,21.0,United States
Qui non è Hollywood,TV Show,Disney+,Crime,2024,6.8,,Italy
라푼젤 시리즈,TV Show,Disney+,Kids,2017,7.3,22.0,United States
Wander Over Yonder,TV Show,Disney+,Animation,2013,7.5,11.0,United States
실버 서퍼,TV Show,Disney+,Animation,1998,7.3,,United States
비틀즈 앤솔로지,TV Show,Disney+,Documentary,1995,8.3,,United Kingdom
하이퍼나이프,TV Show,Disney+,Drama,2025,7.9,,South Korea
마일로 머피의 법칙,TV Show,Disney+,Animation,2016,7.4,12.0,United States
Fantastic Four: World's Greatest Heroes,TV Show,Disney+,Animation,2006,7.5,,France
채드 파워스,TV Show,Disney+,Comedy,2025,8.1,,United States
실험실의 비밀친구: 슈퍼히어로,TV Show,Disney+,Comedy,2016,7.9,22.0,United States
Soy tu fan,TV Show,Disney+,Comedy,2010,7.8,,Mexico
미지의 땅,TV Show,Disney+,Mystery,2022,7.2,30.0,Argentina
어항속의 하이틴,TV Show,Disney+,Animation,2010,6.4,15.0,United States
가디언즈 오브 갤럭시,TV Show,Disney+,Animation,2015,7.2,22.0,United States
언제나 베프,TV Show,Disney+,Comedy,2015,8.0,23.0,United States
"지구, 경이로운 행성",TV Show,Disney+,Documentary,2018,7.7,47.0,United States
이븐 스티븐스,TV Show,Disney+,Comedy,2000,7.0,22.0,United States
인크레더블 헐크,TV Show,Disney+,Animation,1996,6.4,,United States
판타스틱 4,TV Show,Disney+,Action & Adventure,1994,6.6,,United States
아발로 왕국의 엘레나,TV Show,Disney+,Animation,2016,6.4,,United States
헐크와 스매쉬 군단,TV Show,Disney+,Action & Adventure,2013,6.1,25.0,United States
Tempest (2025),TV Show,Disney+,Drama,2025,7.5,,South Korea
응급 구조: 슈퍼 히어로를 구하라,TV Show,Disney+,Comedy,2013,7.5,24.0,United States
Anthony Bourdain: No Reservations,TV Show,Disney+,Documentary,2005,7.8,45.0,United States
60 Days In,TV Show,Disney+,Reality,2016,6.6,,United States
101마리 달마시안,TV Show,Disney+,Kids,1997,6.6,22.0,United States
90 Day Fiancé,TV Show,Disney+,Reality,2014,7.1,43.0,United States
핵꿀잼 비짤봙,TV Show,Disney+,Family,2016,7.3,22.0,United States
Quack Pack,TV Show,Disney+,Animation,1996,7.0,,United States
미래에서 온 필,TV Show,Disney+,Sci-Fi & Fantasy,2004,6.8,22.0,United States
Ghost Hunters,TV Show,Disney+,Sci-Fi & Fantasy,2004,6.3,45.0,United States
나인 퍼즐,TV Show,Disney+,Crime,2025,7.9,,South Korea
꼬마의사 맥스터핀스,TV Show,Disney+,Animation,2012,5.9,,Ireland
칩 앤 데일: 파크 라이프,TV Show,Disney+,Animation,2021,6.4,,France
내가 안 했다니까!,TV Show,Disney+,Comedy,2014,7.6,22.0,United States
브레인 게임,TV Show,Disney+,Documentary,2011,7.5,60.0,United States
빅 시티 그린,TV Show,Disney+,Family,2018,7.4,11.0,United States
Expedition Unknown,TV Show,Disney+,Documentary,2015,8.0,48.0,United States
닌자보이 랜디,TV Show,Disney+,Action & Adventure,2012,8.3,11.0,United States
스타워즈 운명의 포스,TV Show,Disney+,Animation,2017,5.1,4.0,United States
산타 에비타,TV Show,Disney+,Drama,2022,7.8,,Argentina
"Diners, Drive-Ins and Dives",TV Show,Disney+,Documentary,2007,6.8,22.0,United States
디즈니 갤러리 / 스타워즈: 만달로리안,TV Show,Disney+,Documentary,2020,7.5,,United States
출동! 파자마 삼총사,TV Show,Disney+,Animation,2015,6.5,12.0,Canada
리틀 아인슈타인,TV Show,Disney+,Animation,2005,7.1,24.0,United States
시프팅 기어스,TV Show,Disney+,Comedy,2025,6.4,,United States
올즈 페어: 여신의 재판,TV Show,Disney+,Drama,2025,5.0,,United States
9/11: 그 날의 기록,TV Show,Disney+,Documentary,2021,8.4,,United Kingdom
크리스 헴스워스: 리미트리스,TV Show,Disney+,Documentary,2022,8.1,,United Kingdom
우주메리미,TV Show,Disney+,Comedy,2025,7.8,60.0,South Korea
아빠는 세 명,TV Show,Disney+,Drama,2022,8.3,33.0,Argentina
Chopped,TV Show,Disney+,Reality,2009,6.4,60.0,United States
제이크와 네버랜드 해적들,TV Show,Disney+,Family,2011,6.2,22.0,United States
구스범스: 더 배니싱,TV Show,Disney+,Action & Adventure,2025,6.9,,United States
리플레이스먼트,TV Show,Disney+,Animation,2006,6.5,,United States
디즈니 트위스티드 원더랜드: 애니메이션,TV Show,Disney+,Animation,2025,7.9,,Japan
레고 스타워즈: 프리메이커의 모험,TV Show,Disney+,Animation,2016,6.8,22.0,United States
베어 그릴스의 러닝 와일드,TV Show,Disney+,Action & Adventure,2014,6.9,43.0,United States
라이트 & 매직,TV Show,Disney+,Documentary,2022,7.8,,United States
The Secret of Skinwalker Ranch,TV Show,Disney+,Reality,2020,8.0,42.0,United States
La mesías,TV Show,Disney+,Drama,2023,7.4,65.0,Spain
이매지니어링 스토리,TV Show,Disney+,Documentary,2019,8.1,60.0,United States
Super Robot Monkey Team Hyperforce Go!,TV Show,Disney+,Animation,2004,7.3,30.0,Japan
The Curious Case of Natalia Grace,TV Show,Disney+,Crime,2023,7.7,43.0,United States
이와주,TV Show,Disney+,Animation,2024,6.8,,Canada
프라우드 패밀리: 라우더 앤 프라우더,TV Show,Disney+,Family,2022,5.6,30.0,United States
Sister Wives,TV Show,Disney+,Reality,2010,6.0,30.0,United States
밸리 뷰의 슈퍼 악당들,TV Show,Disney+,Comedy,2022,7.3,,United States
언제나 나였어,TV Show,Disney+,Drama,2022,8.0,40.0,Colombia
억만장자 파헤치기,TV Show,Disney+,Reality,2019,8.0,45.0,United States
범죄 도시,TV Show,Disney+,Crime,2018,7.2,,Brazil
킹덤,TV Show,Disney+,Documentary,2016,7.8,50.0,United States
디즈니 애니메이션 스튜디오 단편 모음,TV Show,Disney+,Animation,2020,7.5,,United States
레고 스타워즈: 드로이드의 전설,TV Show,Disney+,Animation,2015,6.6,24.0,United States
Guy's Grocery Games,TV Show,Disney+,Reality,2013,5.8,60.0,United States
The End of an Era,TV Show,Disney+,Documentary,2025,8.8,,United States
몰리 맥기와 유령,TV Show,Disney+,Animation,2021,8.1,11.0,United States
만능 수리공 매니,TV Show,Disney+,Animation,2006,6.3,12.0,Canada
피니와 퍼브 퍼니쇼,TV Show,Disney+,Talk,2010,7.5,,United States
I leoni di Sicilia,TV Show,Disney+,Drama,2023,6.2,,Italy
알래스카를 선택한 사람들,TV Show,Disney+,Reality,2013,7.3,60.0,United States
쿱&캐미TV,TV Show,Disney+,Family,2018,7.7,30.0,United States
벙커스,TV Show,Disney+,Animation,1993,6.6,30.0,United States
머펫 메이헴,TV Show,Disney+,Comedy,2023,6.2,,United States
이블 리브스 히어,TV Show,Disney+,Crime,2016,8.0,43.0,United States
See No Evil,TV Show,Disney+,Crime,2015,8.1,43.0,Canada
Married at First Sight,TV Show,Disney+,Reality,2014,5.0,53.0,United States
유쾌한 써니: 예측불허,TV Show,Disney+,Comedy,2011,7.0,23.0,United States
Intervention,TV Show,Disney+,Documentary,2005,7.0,43.0,United States
4에버,TV Show,Disney+,Drama,2023,9.2,,Argentina
스마트 가이,TV Show,Disney+,Comedy,1997,7.9,22.0,United States
Aşkı Hatırla,TV Show,Disney+,Drama,2025,7.6,50.0,Turkey
리나는 뱀파이어,TV Show,Disney+,Animation,2017,6.7,24.0,United States
Crash & Bernstein,TV Show,Disney+,Comedy,2012,7.9,,United States
롤리 폴리 올리,TV Show,Disney+,Kids,1998,6.7,22.0,Canada
문걸과 데블 다이노소어,TV Show,Disney+,Animation,2023,7.5,23.0,Australia
My 600-lb Life,TV Show,Disney+,Reality,2012,6.3,,United States
Fixer Upper,TV Show,Disney+,Reality,2013,7.8,45.0,United States
마이티 덕,TV Show,Disney+,Kids,1996,6.3,22.0,
고든 램지: 언차티드,TV Show,Disney+,Documentary,2019,7.4,47.0,United Kingdom
90 Day Fiancé: Happily Ever After?,TV Show,Disney+,Reality,2016,7.4,,United States
구피와 집에서,TV Show,Disney+,Animation,2021,6.5,2.0,United States
The Food That Built America,TV Show,Disney+,Documentary,2019,7.9,43.0,United States
Say Yes to the Dress,TV Show,Disney+,Reality,2007,7.1,22.0,Italy
레고 스타워즈: 리빌드 더 갤럭시,TV Show,Disney+,Sci-Fi & Fantasy,2024,6.8,104.0,United States
머펫 나우,TV Show,Disney+,Comedy,2020,5.6,22.0,United States
마블 라이징,TV Show,Disney+,Animation,2018,6.7,24.0,United States
틴 호텔리어,TV Show,Disney+,Family,2016,7.2,21.0,United Kingdom
디센던츠: 악동들의 세상,TV Show,Disney+,Animation,2015,8.0,2.0,United States
Cutthroat Kitchen,TV Show,Disney+,Reality,2013,6.6,60.0,United States
"데칼코마니, 아빠와 나",TV Show,Disney+,Comedy,2019,7.7,23.0,United States
멋쟁이 낸시 클랜시,TV Show,Disney+,Animation,2018,7.8,22.0,United States
Cold Case Files,TV Show,Disney+,Crime,1999,8.5,60.0,United States
House Hunters,TV Show,Disney+,Reality,1999,5.6,22.0,United States
Whiskey on the Rocks,TV Show,Disney+,Drama,2024,6.5,,Sweden
Les Disparues de la gare,TV Show,Disney+,Crime,2025,7.6,,France
스타워즈: 어린 제다이의 모험,TV Show,Disney+,Animation,2023,4.6,27.0,United States
닥터 폴의 동물병원,TV Show,Disney+,Reality,2011,8.3,44.0,United States
The UnXplained,TV Show,Disney+,Documentary,2019,6.7,43.0,United States
로켓 & 그루트,TV Show,Disney+,Kids,2017,6.8,2.0,United States
위대한 여정,TV Show,Disney+,Documentary,2010,7.7,45.0,United States
The Weekenders,TV Show,Disney+,Animation,2000,8.1,11.0,United States
어벤져스: 하나가 된 영웅들,TV Show,Disney+,Animation,1999,6.6,,United States
델리 보이즈,TV Show,Disney+,Drama,2025,6.3,,United States
House Hunters International,TV Show,Disney+,Reality,2006,6.1,23.0,United States
라스트베가스,Movie,Amazon Prime Video,Comedy,2013,6.4,105.0,United States
맥스 페인,Movie,Amazon Prime Video,Crime,2008,5.4,100.0,United States
인투 더 월드,Movie,Amazon Prime Video,Family,2023,7.4,83.0,United States
베토벤,Movie,Amazon Prime Video,Family,1992,5.8,87.0,United States
호스텔 2,Movie,Amazon Prime Video,Horror,2007,5.9,93.0,United States
사마리탄,Movie,Amazon Prime Video,Science Fiction,2022,6.7,102.0,United States
Красавец и чудовище,Movie,Amazon Prime Video,Fantasy,2014,6.2,112.0,France
나폴레옹 다이너마이트,Movie,Amazon Prime Video,Comedy,2004,6.8,95.0,United States
스마일 2,Movie,Amazon Prime Video,Horror,2024,6.6,127.0,United States
울프 콜,Movie,Amazon Prime Video,Thriller,2019,7.5,116.0,France
드래곤하트,Movie,Amazon Prime Video,Fantasy,1996,6.6,103.0,United States
내가 잠들기 전에,Movie,Amazon Prime Video,Thriller,2014,6.5,92.0,France
핑크 팬더,Movie,Amazon Prime Video,Comedy,2006,5.9,93.0,United States
정글,Movie,Amazon Prime Video,Adventure,2017,6.7,115.0,Australia
아웃 오브 더 퍼니스,Movie,Amazon Prime Video,Thriller,2013,6.6,116.0,United States
엽문 4: 더 파이널,Movie,Amazon Prime Video,Action,2019,7.3,105.0,China
자칼,Movie,Amazon Prime Video,Action,1997,6.4,124.0,United States
아스테릭스 : 미션 올림픽게임,Movie,Amazon Prime Video,Fantasy,2008,5.2,116.0,France
이든 레이크,Movie,Amazon Prime Video,Horror,2008,6.8,91.0,United Kingdom
프랑켄슈타인: 불멸의 영웅,Movie,Amazon Prime Video,Horror,2014,5.4,92.0,Australia
패터슨,Movie,Amazon Prime Video,Drama,2016,7.1,118.0,United States
아스테릭스,Movie,Amazon Prime Video,Family,1999,6.0,109.0,France
드라이브 앵그리 3D,Movie,Amazon Prime Video,Fantasy,2011,5.5,104.0,United States
행운을 돌려줘!,Movie,Amazon Prime Video,Comedy,2006,6.2,103.0,United States
스턱 인 러브,Movie,Amazon Prime Video,Drama,2013,7.4,97.0,United States
슈퍼히어로,Movie,Amazon Prime Video,Comedy,2008,5.3,82.0,United States
페이백,Movie,Amazon Prime Video,Action,1999,6.8,100.0,United States
프로즌,Movie,Amazon Prime Video,Thriller,2010,6.0,94.0,United States
크림슨 타이드,Movie,Amazon Prime Video,Thriller,1995,7.2,116.0,United States
로리타,Movie,Amazon Prime Video,Drama,1997,7.1,137.0,France
초이스,Movie,Amazon Prime Video,Drama,2016,7.2,111.0,United States
테리파이어 3,Movie,Amazon Prime Video,Horror,2024,6.8,125.0,United States
너란 개념,Movie,Amazon Prime Video,Music,2024,7.3,116.0,United States
워킹맨,Movie,Amazon Prime Video,Action,2025,6.7,116.0,United Kingdom
엽문 3: 최후의 대결,Movie,Amazon Prime Video,Action,2015,7.0,105.0,China
MR. 후아유,Movie,Amazon Prime Video,Comedy,2007,6.9,91.0,Germany
세크리터리,Movie,Amazon Prime Video,Romance,2002,6.8,111.0,United States
더 보이스,Movie,Amazon Prime Video,Comedy,2014,6.3,104.0,Germany
필스,Movie,Amazon Prime Video,Crime,2013,6.8,97.0,Belgium
블링크 트와이스,Movie,Amazon Prime Video,Mystery,2024,6.7,103.0,United States
헤이츠,Movie,Amazon Prime Video,Horror,2012,5.8,101.0,United States
어니스트 씨프,Movie,Amazon Prime Video,Thriller,2020,6.5,99.0,United Kingdom
비포 위 고,Movie,Amazon Prime Video,Romance,2014,6.7,95.0,United States
옹박: 무에타이의 후예,Movie,Amazon Prime Video,Action,2003,7.1,105.0,Thailand
크리미널,Movie,Amazon Prime Video,Action,2016,6.2,113.0,Bulgaria
디 아워스,Movie,Amazon Prime Video,Drama,2002,7.3,114.0,United Kingdom
사일런트 힐: 레버레이션,Movie,Amazon Prime Video,Thriller,2012,5.5,94.0,Canada
컨저링: 마지막 의식,Movie,Amazon Prime Video,Horror,2025,6.9,136.0,United States
브링 잇 온,Movie,Amazon Prime Video,Comedy,2000,6.3,99.0,United States
스피시즈,Movie,Amazon Prime Video,Science Fiction,1995,6.0,108.0,United States
필립 모리스,Movie,Amazon Prime Video,Comedy,2010,6.4,98.0,France
차일드 44,Movie,Amazon Prime Video,Crime,2015,6.3,137.0,United States
뱀파이어 아카데미,Movie,Amazon Prime Video,Comedy,2014,6.3,104.0,United States
인필트레이터: 잠입자들,Movie,Amazon Prime Video,Crime,2016,6.7,127.0,United Kingdom
블리츠,Movie,Amazon Prime Video,Crime,2011,6.2,97.0,France
어나더 어스,Movie,Amazon Prime Video,Drama,2011,6.7,92.0,United States
지퍼스 크리퍼스 2,Movie,Amazon Prime Video,Horror,2003,6.2,104.0,United States
밀레니엄: 제2부 불을 가지고 노는 소녀,Movie,Amazon Prime Video,Drama,2009,7.0,129.0,Denmark
완전범죄 프로젝트,Movie,Amazon Prime Video,Action,2012,6.6,96.0,United States
오토마타,Movie,Amazon Prime Video,Thriller,2014,5.9,110.0,Bulgaria
라이드 어롱 2,Movie,Amazon Prime Video,Action,2016,6.3,102.0,United States
벤허,Movie,Amazon Prime Video,Action,2016,5.8,125.0,United States
아이언 스카이,Movie,Amazon Prime Video,Action,2012,5.8,93.0,Finland
슈퍼 사이즈 미,Movie,Amazon Prime Video,Documentary,2004,6.7,100.0,United States
어카운턴트 2,Movie,Amazon Prime Video,Mystery,2025,7.1,133.0,United States
몬스터즈,Movie,Amazon Prime Video,Drama,2010,6.2,94.0,United Kingdom
스카이라인,Movie,Amazon Prime Video,Science Fiction,2010,5.0,93.0,United States
드레스메이커,Movie,Amazon Prime Video,Drama,2015,7.0,118.0,Australia
금발이 너무해 2,Movie,Amazon Prime Video,Comedy,2003,5.7,95.0,United States
트롤 헌터,Movie,Amazon Prime Video,Fantasy,2010,6.7,104.0,Norway
총알 탄 사나이,Movie,Amazon Prime Video,Action,2025,6.4,85.0,United States
언더 씨즈,Movie,Amazon Prime Video,Action,1992,6.3,102.0,France
늑대의 후예들,Movie,Amazon Prime Video,Adventure,2001,6.7,151.0,France
악마가 너의 죽음을 알기 전에,Movie,Amazon Prime Video,Crime,2007,7.1,117.0,United States
언페이스풀,Movie,Amazon Prime Video,Thriller,2002,6.7,124.0,United States
샤크스톰,Movie,Amazon Prime Video,Action,2013,3.9,87.0,United States
볼링 포 콜럼바인,Movie,Amazon Prime Video,Documentary,2002,7.5,120.0,Canada
에픽 무비,Movie,Amazon Prime Video,Comedy,2007,3.9,85.0,United States
매기,Movie,Amazon Prime Video,Horror,2015,5.4,95.0,Switzerland
런던 해즈 폴른,Movie,Amazon Prime Video,Drama,2016,6.1,91.0,United States
콜렉터,Movie,Amazon Prime Video,Horror,2009,6.6,90.0,United States
브로큰 애로우,Movie,Amazon Prime Video,Action,1996,6.1,108.0,United States
굿 럭 척,Movie,Amazon Prime Video,Comedy,2007,5.9,101.0,United States
메모리,Movie,Amazon Prime Video,Action,2022,6.7,114.0,United States
프리스테이트,Movie,Amazon Prime Video,Action,2016,6.8,140.0,United States
베러 와치 아웃,Movie,Amazon Prime Video,Horror,2017,6.7,89.0,United States
엑스 파일:  나는 믿고 싶다,Movie,Amazon Prime Video,Mystery,2008,5.9,104.0,United States
아스트로 보이: 아톰의 귀환,Movie,Amazon Prime Video,Animation,2009,6.3,94.0,Japan
앱솔루틀리 애니씽,Movie,Amazon Prime Video,Comedy,2015,5.9,85.0,United Kingdom
소름,Movie,Amazon Prime Video,Horror,2014,6.4,82.0,United States
트랜스포머 ONE,Movie,Amazon Prime Video,Animation,2024,8.0,104.0,United States
글렌게리 글렌 로스,Movie,Amazon Prime Video,Crime,1992,7.3,100.0,United States
멕시칸,Movie,Amazon Prime Video,Action,2001,6.0,123.0,United States
21 앤드 오버,Movie,Amazon Prime Video,Comedy,2013,5.8,93.0,United States
더 러닝 맨,Movie,Amazon Prime Video,Action,2025,6.8,134.0,United States
레 미제라블,Movie,Amazon Prime Video,Crime,2019,7.6,104.0,France
노벰버 맨,Movie,Amazon Prime Video,Crime,2014,6.1,108.0,United Kingdom
노보케인,Movie,Amazon Prime Video,Action,2025,6.8,110.0,United States
서브마린,Movie,Amazon Prime Video,Drama,2011,7.4,98.0,United Kingdom
도프,Movie,Amazon Prime Video,Crime,2015,7.1,103.0,United States
히든 아이덴티티,Movie,Amazon Prime Video,Thriller,2014,6.8,112.0,United States
콜드 워,Movie,Amazon Prime Video,Romance,2018,7.4,88.0,Poland
판타스틱 소녀백서,Movie,Amazon Prime Video,Comedy,2001,7.1,111.0,United Kingdom
킬러조,Movie,Amazon Prime Video,Crime,2012,6.5,102.0,United States
스트롱거,Movie,Amazon Prime Video,Drama,2017,7.0,119.0,Hong Kong
더 로프트 : 비밀의 방,Movie,Amazon Prime Video,Thriller,2014,6.4,103.0,United States
곰돌이 푸: 피와 꿀,Movie,Amazon Prime Video,Horror,2023,5.0,84.0,United Kingdom
그레텔과 헨젤,Movie,Amazon Prime Video,Fantasy,2020,6.0,87.0,Canada
아고라,Movie,Amazon Prime Video,Adventure,2009,7.0,127.0,Spain
"빨강, 파랑, 어쨌든 찬란",Movie,Amazon Prime Video,Comedy,2023,7.9,118.0,United States
네 잘못이야,Movie,Amazon Prime Video,Drama,2024,7.1,117.0,Spain
2시 22분,Movie,Amazon Prime Video,Science Fiction,2017,6.0,99.0,Australia
런어웨이,Movie,Amazon Prime Video,Drama,2003,6.9,127.0,United States
유로파 리포트,Movie,Amazon Prime Video,Science Fiction,2013,6.3,90.0,United States
암흑 속의 혈투,Movie,Amazon Prime Video,Crime,1993,8.2,190.0,United States
겁나는 여친의 완벽한 비밀,Movie,Amazon Prime Video,Comedy,2006,5.2,95.0,United States
바스티유 데이,Movie,Amazon Prime Video,Action,2016,6.3,92.0,France
OSS 117: 리오 대작전,Movie,Amazon Prime Video,Crime,2009,7.1,100.0,France
맥베스,Movie,Amazon Prime Video,Drama,2015,6.4,113.0,France
47미터 2,Movie,Amazon Prime Video,Horror,2019,5.7,90.0,United Kingdom
라자루스,Movie,Amazon Prime Video,Horror,2015,5.3,83.0,United States
스테이,Movie,Amazon Prime Video,Mystery,2005,6.6,99.0,Switzerland
데드 맨 워킹,Movie,Amazon Prime Video,Drama,1995,7.3,122.0,United States
13 라이브즈,Movie,Amazon Prime Video,Drama,2022,7.8,147.0,United Kingdom
어웨이크닝,Movie,Amazon Prime Video,Horror,2011,6.4,107.0,United Kingdom
아저씨,Movie,Amazon Prime Video,Action,2010,7.7,119.0,South Korea
프리즌 이스케이프,Movie,Amazon Prime Video,Drama,2020,7.2,102.0,Australia
블랑섹의 기이한 모험,Movie,Amazon Prime Video,Fantasy,2010,6.3,107.0,France
모스트 원티드 맨,Movie,Amazon Prime Video,Thriller,2014,6.5,121.0,Belgium
밀레니엄: 제3부 벌집을 발로 찬 소녀,Movie,Amazon Prime Video,Action,2009,7.1,147.0,Denmark
헤이와이어,Movie,Amazon Prime Video,Action,2011,5.7,93.0,United States
레플리카,Movie,Amazon Prime Video,Science Fiction,2018,6.0,107.0,Canada
페넬로피,Movie,Amazon Prime Video,Fantasy,2007,6.7,104.0,United Kingdom
악인전,Movie,Amazon Prime Video,Action,2019,7.9,110.0,South Korea
섹스 드라이브,Movie,Amazon Prime Video,Comedy,2008,6.4,109.0,United States
해커즈,Movie,Amazon Prime Video,Action,1995,6.4,105.0,United States
신데렐라,Movie,Amazon Prime Video,Fantasy,2021,6.3,112.0,United States
테이킹,Movie,Amazon Prime Video,Horror,2014,6.6,90.0,United States
위시 어폰,Movie,Amazon Prime Video,Horror,2017,5.7,91.0,United States
퍼스트 리폼드,Movie,Amazon Prime Video,Drama,2018,7.0,113.0,United States
보이카: 언디스퓨티드 파이널,Movie,Amazon Prime Video,Action,2016,7.2,87.0,Bulgaria
타임크라임,Movie,Amazon Prime Video,Science Fiction,2007,7.0,92.0,Spain
네 무덤에 침을 뱉어라 2,Movie,Amazon Prime Video,Thriller,2013,6.3,106.0,United States
더 퀸,Movie,Amazon Prime Video,Drama,2006,7.0,103.0,France
에러스 오브 더 휴먼 바디,Movie,Amazon Prime Video,Thriller,2012,7.5,107.0,Spain
로맨틱 크라운,Movie,Amazon Prime Video,Comedy,2011,6.0,98.0,United States
살인병동,Movie,Amazon Prime Video,Mystery,2016,6.0,90.0,Canada
숏 텀 12,Movie,Amazon Prime Video,Drama,2013,7.8,96.0,United States
블랙의 50가지 그림자,Movie,Amazon Prime Video,Romance,2016,4.9,92.0,United States
레드 라이트,Movie,Amazon Prime Video,Thriller,2012,6.2,114.0,Spain
삼총사 파트1: 달타냥,Movie,Amazon Prime Video,Adventure,2023,6.9,121.0,Belgium
졸트,Movie,Amazon Prime Video,Action,2021,6.5,91.0,Bulgaria
120BPM,Movie,Amazon Prime Video,Drama,2017,7.7,143.0,France
아틱,Movie,Amazon Prime Video,Drama,2018,6.5,98.0,Iceland
마이 스파이,Movie,Amazon Prime Video,Family,2020,6.9,99.0,United States
몰래츠,Movie,Amazon Prime Video,Romance,1995,6.8,95.0,United States
헌트,Movie,Amazon Prime Video,Horror,2019,6.7,93.0,United States
레트리뷰션,Movie,Amazon Prime Video,Thriller,2023,6.5,91.0,France
원더 휠,Movie,Amazon Prime Video,Drama,2017,6.4,101.0,United States
버드케이지,Movie,Amazon Prime Video,Comedy,1996,7.1,119.0,United States
몬스터 싱어: 매직 인 파리,Movie,Amazon Prime Video,Adventure,2011,6.9,90.0,France
엑설런트 어드벤쳐 2,Movie,Amazon Prime Video,Adventure,1991,6.3,93.0,United States
멘,Movie,Amazon Prime Video,Horror,2022,6.1,100.0,United Kingdom
비밀일기,Movie,Amazon Prime Video,Comedy,2009,6.5,103.0,France
제로 법칙의 비밀,Movie,Amazon Prime Video,Drama,2013,6.1,107.0,France
페노메논,Movie,Amazon Prime Video,Drama,1996,6.5,123.0,United States
꼬마 돼지 베이브 2,Movie,Amazon Prime Video,Family,1998,5.7,96.0,Australia
꾸러기 클럽,Movie,Amazon Prime Video,Romance,1994,6.8,82.0,United States
프레일티,Movie,Amazon Prime Video,Drama,2002,6.9,100.0,United States
오베라는 남자,Movie,Amazon Prime Video,Comedy,2015,7.6,116.0,Norway
타임캅,Movie,Amazon Prime Video,Thriller,1994,6.0,98.0,United States
디센트: Part 2,Movie,Amazon Prime Video,Adventure,2009,6.0,94.0,United Kingdom
샷건 웨딩,Movie,Amazon Prime Video,Action,2022,6.2,101.0,United States
아버지를 위한 노래,Movie,Amazon Prime Video,Drama,2011,7.0,118.0,Italy
아웃 오브 타임,Movie,Amazon Prime Video,Thriller,2003,6.4,105.0,United States
더 바이 바이 맨,Movie,Amazon Prime Video,Horror,2017,5.2,96.0,United States
Biblical Mysteries: Sodom and Gomorrah,Movie,Amazon Prime Video,Drama,2008,6.9,137.0,Italy
사이더 하우스,Movie,Amazon Prime Video,Drama,1999,7.1,126.0,United States
타임루프: 벗어날 수 없는,Movie,Amazon Prime Video,Science Fiction,2017,6.3,112.0,United States
프로페서 앤 매드맨,Movie,Amazon Prime Video,History,2019,7.1,124.0,France
더 워드,Movie,Amazon Prime Video,Horror,2010,5.8,89.0,United Kingdom
울프 크릭,Movie,Amazon Prime Video,Horror,2005,6.2,99.0,Australia
카피 캣,Movie,Amazon Prime Video,Thriller,1995,6.5,124.0,United States
서치 2,Movie,Amazon Prime Video,Drama,2023,7.4,111.0,United States
더 홀 트루스,Movie,Amazon Prime Video,Drama,2016,6.6,93.0,United States
악질경찰,Movie,Amazon Prime Video,Drama,2009,6.2,122.0,United States
브림스톤,Movie,Amazon Prime Video,Thriller,2016,7.2,148.0,Belgium
핑크 팬더 2,Movie,Amazon Prime Video,Comedy,2009,5.7,92.0,United States
블랙라이트,Movie,Amazon Prime Video,Action,2022,6.1,104.0,Australia
주디,Movie,Amazon Prime Video,Drama,2019,6.7,118.0,United Kingdom
13인의 자객,Movie,Amazon Prime Video,Adventure,2010,7.3,141.0,Japan
모스맨,Movie,Amazon Prime Video,Drama,2002,6.2,119.0,United States
서러브레드,Movie,Amazon Prime Video,Drama,2018,6.4,92.0,United States
하이-라이즈,Movie,Amazon Prime Video,Drama,2015,5.6,119.0,United Kingdom
액트 오브 밸러: 최정예 특수부대,Movie,Amazon Prime Video,Action,2012,6.5,110.0,United States
바비: 12명의 춤추는 공주 이야기,Movie,Amazon Prime Video,Animation,2006,7.6,83.0,Canada
고스포드 파크,Movie,Amazon Prime Video,Drama,2001,6.8,137.0,Italy
함정,Movie,Amazon Prime Video,Crime,1999,7.0,117.0,United States
연을 쫓는 아이,Movie,Amazon Prime Video,Drama,2007,7.3,128.0,China
아포칼립스 Z: 종말의 시작,Movie,Amazon Prime Video,Drama,2024,6.7,119.0,Spain
액슬,Movie,Amazon Prime Video,Science Fiction,2018,6.3,98.0,United States
블랙 백,Movie,Amazon Prime Video,Drama,2025,6.4,94.0,United States
"러브, 어게인",Movie,Amazon Prime Video,Comedy,2017,6.1,97.0,United States
로스트,Movie,Amazon Prime Video,Thriller,2012,6.2,94.0,United States
스티그마타,Movie,Amazon Prime Video,Horror,1999,6.3,103.0,United States
디스커넥트,Movie,Amazon Prime Video,Drama,2013,7.1,116.0,United States
포스 마쥬어: 화이트 베케이션,Movie,Amazon Prime Video,Drama,2014,6.9,119.0,Denmark
슬립타이트,Movie,Amazon Prime Video,Thriller,2011,7.1,101.0,Spain
트레스패스,Movie,Amazon Prime Video,Thriller,2011,5.5,91.0,United States
비우티풀,Movie,Amazon Prime Video,Drama,2010,7.2,148.0,Mexico
더블 반담,Movie,Amazon Prime Video,Thriller,1991,6.2,110.0,United States
겟 쇼티,Movie,Amazon Prime Video,Comedy,1995,6.5,105.0,United States
아메리칸 애니멀스,Movie,Amazon Prime Video,Drama,2018,6.7,117.0,United Kingdom
미션 13,Movie,Amazon Prime Video,Horror,2014,6.3,93.0,United States
에어로너츠,Movie,Amazon Prime Video,Adventure,2019,6.8,100.0,United Kingdom
메디엄,Movie,Amazon Prime Video,Thriller,2009,6.2,102.0,United States
신과함께-죄와 벌,Movie,Amazon Prime Video,Action,2017,8.0,139.0,South Korea
더 피지션,Movie,Amazon Prime Video,Adventure,2013,7.3,155.0,Germany
Rien à déclarer,Movie,Amazon Prime Video,Comedy,2010,5.9,108.0,France
래기스,Movie,Amazon Prime Video,Comedy,2014,6.1,100.0,United States
더 배스트 오브 나이트,Movie,Amazon Prime Video,Drama,2019,6.6,91.0,United States
K-19: 위도우메이커,Movie,Amazon Prime Video,Drama,2002,6.6,138.0,Canada
아웃포스트,Movie,Amazon Prime Video,War,2020,6.9,123.0,United States
택시운전사,Movie,Amazon Prime Video,Action,2017,8.0,138.0,South Korea
에이전트 코디 뱅크스,Movie,Amazon Prime Video,Action,2003,5.5,102.0,Canada
키리쿠와 마녀,Movie,Amazon Prime Video,Fantasy,1998,7.4,71.0,France
케미컬 하츠,Movie,Amazon Prime Video,Drama,2020,7.3,93.0,United States
해리 브라운,Movie,Amazon Prime Video,Thriller,2009,6.8,103.0,United Kingdom
이탈자,Movie,Amazon Prime Video,Action,1990,6.6,105.0,United States
소 언더커버,Movie,Amazon Prime Video,Action,2012,6.1,94.0,United States
더 리포트,Movie,Amazon Prime Video,Drama,2019,7.0,119.0,United States
디 아이,Movie,Amazon Prime Video,Drama,2008,5.9,98.0,United States
큐브 제로,Movie,Amazon Prime Video,Mystery,2004,5.7,97.0,Canada
제7기사단,Movie,Amazon Prime Video,Action,2015,6.4,115.0,Czech Republic
피라냐 3DD,Movie,Amazon Prime Video,Horror,2012,4.3,83.0,United States
킬링 카인드: 킬러의 수제자,Movie,Amazon Prime Video,Action,2021,6.6,109.0,Bulgaria
스윗 프랑세즈,Movie,Amazon Prime Video,Drama,2015,7.2,103.0,Belgium
카오스,Movie,Amazon Prime Video,Drama,2005,6.3,106.0,Canada
아이스맨,Movie,Amazon Prime Video,Thriller,2012,6.6,105.0,United States
디레일드,Movie,Amazon Prime Video,Drama,2005,6.4,108.0,United Kingdom
윌리의 원더랜드,Movie,Amazon Prime Video,Horror,2021,6.0,89.0,United States
비기너스,Movie,Amazon Prime Video,Drama,2011,6.8,104.0,United States
"우리, 사랑해도 되나요?",Movie,Amazon Prime Video,Comedy,2005,6.3,103.0,United States
레드슈즈,Movie,Amazon Prime Video,Animation,2019,7.7,92.0,South Korea
폴라로이드,Movie,Amazon Prime Video,Horror,2019,6.0,88.0,Canada
재난 영화,Movie,Amazon Prime Video,Comedy,2008,3.2,87.0,United States
구름 속의 산책,Movie,Amazon Prime Video,Drama,1995,7.4,103.0,United States
토탈리 킬러,Movie,Amazon Prime Video,Horror,2023,6.8,104.0,United States
트레이서,Movie,Amazon Prime Video,Action,2015,6.0,94.0,United States
스톨른,Movie,Amazon Prime Video,Action,2012,5.5,96.0,United States
보이 걸 씽,Movie,Amazon Prime Video,Comedy,2006,6.5,95.0,Canada
더 딥 하우스,Movie,Amazon Prime Video,Horror,2021,6.0,85.0,Belgium
스카이라인 2,Movie,Amazon Prime Video,Action,2017,5.3,105.0,Canada
아미티빌: 디 어웨이크닝,Movie,Amazon Prime Video,Horror,2017,5.4,87.0,United States
아폴로 18,Movie,Amazon Prime Video,Horror,2011,5.3,86.0,Canada
에반게리온: 서,Movie,Amazon Prime Video,Animation,2007,7.6,101.0,Japan
싱크로닉,Movie,Amazon Prime Video,Horror,2020,6.3,102.0,United States
저스티스,Movie,Amazon Prime Video,Action,2011,5.9,105.0,United States
제5계급,Movie,Amazon Prime Video,Drama,2013,6.0,128.0,India
스파이 서바이버,Movie,Amazon Prime Video,Action,2015,5.7,96.0,United Kingdom
엑설런트 어드벤쳐 3,Movie,Amazon Prime Video,Comedy,2020,5.9,92.0,Bahamas
돈키호테를 죽인 사나이,Movie,Amazon Prime Video,Adventure,2018,6.7,133.0,Belgium
웨이 다운,Movie,Amazon Prime Video,Drama,2021,6.8,114.0,France
윔블던,Movie,Amazon Prime Video,Comedy,2004,6.2,98.0,United Kingdom
심플 플랜,Movie,Amazon Prime Video,Crime,1998,7.2,121.0,United States
아빠 또는 엄마,Movie,Amazon Prime Video,Comedy,2015,6.1,85.0,France
돈 세이 워드,Movie,Amazon Prime Video,Thriller,2001,6.3,113.0,United States
라이더스 오브 저스티스,Movie,Amazon Prime Video,Action,2020,7.3,116.0,Denmark
세레나,Movie,Amazon Prime Video,Drama,2014,5.6,109.0,United States
이다,Movie,Amazon Prime Video,Drama,2013,7.2,82.0,Poland
스피릿,Movie,Amazon Prime Video,Crime,2008,4.8,103.0,United States
우먼 인 블랙: 죽음의 천사,Movie,Amazon Prime Video,Thriller,2014,5.2,98.0,Canada
캘버리,Movie,Amazon Prime Video,Drama,2014,7.1,101.0,Ireland
스파이 키드 4: 올 더 타임 인 더 월드,Movie,Amazon Prime Video,Family,2011,4.7,89.0,United States
스니커즈,Movie,Amazon Prime Video,Comedy,1992,6.9,125.0,United States
국가 원수,Movie,Amazon Prime Video,Action,2025,6.8,117.0,United States
더 월,Movie,Amazon Prime Video,War,2017,6.4,90.0,United States
트러스트,Movie,Amazon Prime Video,Crime,2010,6.5,104.0,United States
라운드 업,Movie,Amazon Prime Video,Drama,2010,7.5,115.0,France
더 건맨,Movie,Amazon Prime Video,Action,2015,5.8,115.0,France
조,Movie,Amazon Prime Video,Drama,2014,6.5,118.0,United States
버니,Movie,Amazon Prime Video,Comedy,2012,6.6,99.0,United States
킬링시즌,Movie,Amazon Prime Video,Action,2013,5.5,91.0,Belgium
넛잡: 땅콩 도둑들,Movie,Amazon Prime Video,Animation,2014,5.9,85.0,Canada
카메론 포스트의 잘못된 교육,Movie,Amazon Prime Video,Drama,2018,6.9,92.0,United Kingdom
업그레이드,Movie,Amazon Prime Video,Romance,2024,7.2,104.0,United Kingdom
핫 텁 타임머신 2,Movie,Amazon Prime Video,Comedy,2015,5.2,93.0,United States
멋진 녀석들,Movie,Amazon Prime Video,Thriller,2012,6.0,95.0,United States
대통령의 딸,Movie,Amazon Prime Video,Family,2004,6.2,105.0,United States
에반게리온: 파,Movie,Amazon Prime Video,Animation,2009,7.8,112.0,Japan
록스베리 나이트,Movie,Amazon Prime Video,Comedy,1998,6.5,82.0,United States
우주전쟁,Movie,Amazon Prime Video,Science Fiction,2025,4.1,91.0,United States
방탄승,Movie,Amazon Prime Video,Action,2003,5.5,104.0,United States
올 굿 에브리씽,Movie,Amazon Prime Video,Mystery,2010,6.1,101.0,United States
하트브레이커스,Movie,Amazon Prime Video,Comedy,2001,6.1,123.0,United States
"웰컴, 삼바",Movie,Amazon Prime Video,Drama,2014,6.4,118.0,France
콜드 라잇 오브 데이,Movie,Amazon Prime Video,Action,2012,5.4,93.0,Spain
웨이팅,Movie,Amazon Prime Video,Comedy,2005,6.2,94.0,United States
트롤: 밴드 투게더,Movie,Amazon Prime Video,Animation,2023,7.2,91.0,United States
더 인비트위너스: 섹스온더비치,Movie,Amazon Prime Video,Comedy,2011,6.2,97.0,Spain
일대종사,Movie,Amazon Prime Video,Action,2013,6.6,130.0,Hong Kong
신의 나라,Movie,Amazon Prime Video,Romance,2017,7.7,104.0,United Kingdom
독 솔져,Movie,Amazon Prime Video,Horror,2002,6.7,105.0,Luxembourg
울프맨,Movie,Amazon Prime Video,Horror,2025,6.2,103.0,United States
쿨!,Movie,Amazon Prime Video,Comedy,2005,5.5,119.0,United States
"투명소년, 미켈레",Movie,Amazon Prime Video,Fantasy,2014,6.3,100.0,France
이유있는 반항,Movie,Amazon Prime Video,Comedy,2009,6.2,89.0,United States
룩 어웨이,Movie,Amazon Prime Video,Horror,2018,6.5,103.0,Canada
언피니시드,Movie,Amazon Prime Video,Drama,2010,6.6,113.0,United States
어프렌티스,Movie,Amazon Prime Video,History,2024,6.9,122.0,United States
벤 이즈 백,Movie,Amazon Prime Video,Drama,2018,6.6,103.0,United States
맨 온 와이어,Movie,Amazon Prime Video,Documentary,2008,7.4,94.0,United Kingdom
사랑은 언제나 진행중,Movie,Amazon Prime Video,Romance,2009,6.5,95.0,United States
배드 캅,Movie,Amazon Prime Video,Crime,1992,7.0,96.0,United States
스페셜 시큐리티: 라스트 미션,Movie,Amazon Prime Video,Action,2017,6.3,87.0,United States
그리즐리 맨,Movie,Amazon Prime Video,Documentary,2005,7.5,103.0,United States
하이랜더 2,Movie,Amazon Prime Video,Fantasy,1991,4.7,100.0,United Kingdom
프릭스 아웃,Movie,Amazon Prime Video,Adventure,2021,7.3,141.0,Belgium
노 만체스 프리다,Movie,Amazon Prime Video,Comedy,2016,7.7,100.0,Mexico
웨이킹 라이프,Movie,Amazon Prime Video,Animation,2001,7.5,101.0,United States
신 에반게리온 극장판 :ll,Movie,Amazon Prime Video,Animation,2021,8.2,155.0,Japan
How I Live Now,Movie,Amazon Prime Video,Drama,2013,6.6,101.0,Canada
T-34,Movie,Amazon Prime Video,Action,2018,7.2,139.0,Russia
S러버,Movie,Amazon Prime Video,Comedy,2009,5.6,98.0,United States
드래곤플라이,Movie,Amazon Prime Video,Drama,2002,6.5,104.0,Germany
불량경찰 3: 부정부패 소탕작전,Movie,Amazon Prime Video,Action,2005,7.1,105.0,Thailand
세일즈맨,Movie,Amazon Prime Video,Drama,2016,7.3,125.0,Iran
P2,Movie,Amazon Prime Video,Horror,2007,6.2,98.0,United States
에반게리온: Q,Movie,Amazon Prime Video,Animation,2012,7.2,96.0,Japan
원더우먼 스토리,Movie,Amazon Prime Video,Drama,2017,7.2,108.0,United States
7500,Movie,Amazon Prime Video,Thriller,2019,6.1,94.0,Austria
곤지암,Movie,Amazon Prime Video,Horror,2018,7.3,95.0,South Korea
로드 오브 세일럼,Movie,Amazon Prime Video,Horror,2013,5.4,101.0,Canada
왕의 이름으로,Movie,Amazon Prime Video,Adventure,2007,4.8,127.0,Canada
화이트 라이언 찰리,Movie,Amazon Prime Video,Adventure,2018,7.3,98.0,South Africa
페니키안 스킴,Movie,Amazon Prime Video,Comedy,2025,6.5,102.0,United States
송 투 송,Movie,Amazon Prime Video,Romance,2017,5.5,129.0,United States
마리 퀴리,Movie,Amazon Prime Video,Drama,2020,6.6,111.0,France
썸머 85,Movie,Amazon Prime Video,Romance,2020,7.4,101.0,Belgium
Roadside Attraction,Movie,Amazon Prime Video,Drama,2017,6.7,117.0,Russia
스나이퍼: 화이트 레이븐,Movie,Amazon Prime Video,War,2022,7.7,120.0,Ukraine
파라노이아,Movie,Amazon Prime Video,Drama,2013,5.7,106.0,India
애니멀 킹덤,Movie,Amazon Prime Video,Crime,2010,6.8,113.0,Australia
진링의 13소녀,Movie,Amazon Prime Video,Drama,2011,7.4,146.0,China
배드 워즈,Movie,Amazon Prime Video,Comedy,2013,6.4,89.0,United States
소름 2,Movie,Amazon Prime Video,Horror,2017,6.3,80.0,United States
바탈리언 3,Movie,Amazon Prime Video,Horror,1993,6.6,97.0,United States
더 글라스 캐슬,Movie,Amazon Prime Video,Drama,2017,7.1,127.0,Hong Kong
쫄병 길들이기,Movie,Amazon Prime Video,Adventure,1995,6.5,95.0,United States
곰돌이 푸: 히파럼프 무비,Movie,Disney+,Family,2005,6.8,68.0,United States
조지 오브 정글 2,Movie,Disney+,Adventure,2003,4.5,87.0,United States
터크 에버래스팅,Movie,Disney+,Drama,2002,6.7,90.0,United States
정글 투 정글,Movie,Disney+,Comedy,1997,5.3,105.0,France
미녀와 야수: 벨의 마법의 세상,Movie,Disney+,Animation,1998,6.2,69.0,United States
치타 걸스,Movie,Disney+,Family,2003,6.0,89.0,Canada
마이티 덕 3,Movie,Disney+,Comedy,1996,6.0,104.0,United States
나 홀로 집에: 크리스마스 소동,Movie,Disney+,Comedy,2012,5.1,90.0,Canada
루키,Movie,Disney+,Drama,2002,6.8,127.0,United States
22 vs 지구,Movie,Disney+,Family,2021,7.0,9.0,United States
닥터 두리틀 3,Movie,Disney+,Comedy,2006,5.1,93.0,United States
디센던츠: 레드의 반항,Movie,Disney+,Fantasy,2024,6.7,92.0,United States
외야의 천사들,Movie,Disney+,Comedy,1994,6.0,103.0,United States
미키의 크리스마스 선물,Movie,Disney+,Animation,2004,7.0,68.0,United States
메이터와 도깨비불,Movie,Disney+,Animation,2006,6.3,7.0,United States
이브는 대단해,Movie,Disney+,Family,2000,6.5,88.0,United States
졸업파티,Movie,Disney+,Comedy,2011,6.1,104.0,United States
체스의 여왕,Movie,Disney+,Drama,2016,7.2,124.0,United States
머펫의 보물섬,Movie,Disney+,Adventure,1996,6.7,100.0,United States
홀랜드 오퍼스,Movie,Disney+,Drama,1995,7.0,143.0,United States
더그의 일상: 칼의 데이트,Movie,Disney+,Animation,2023,7.4,9.0,United States
더그의 특별 임무,Movie,Disney+,Animation,2009,7.0,5.0,United States
프레너미스,Movie,Disney+,Drama,2012,5.8,86.0,Canada
웬디 우: 홈커밍 워리어,Movie,Disney+,Family,2006,6.2,91.0,United States
어드벤처 인 베이비시팅,Movie,Disney+,Comedy,2016,7.2,95.0,United States
좀비스 3,Movie,Disney+,Fantasy,2022,7.3,88.0,Canada
원스 어폰 어 스튜디오,Movie,Disney+,Animation,2023,8.3,9.0,United States
심슨 가족의 해피 플러스 데이,Movie,Disney+,Animation,2021,6.5,4.0,United States
여인과 바다,Movie,Disney+,History,2024,7.9,129.0,United States
"굿 럭 찰리, 잇츠 크리스마스!",Movie,Disney+,Comedy,2011,6.7,80.0,United States
루,Movie,Disney+,Family,2017,7.5,6.0,United States
Heavyweights,Movie,Disney+,Family,1995,6.2,97.0,United States
Jump In!,Movie,Disney+,Drama,2007,6.4,84.0,United States
미스터 마구,Movie,Disney+,Comedy,1997,4.5,87.0,United States
Millions,Movie,Disney+,Comedy,2005,6.4,98.0,United Kingdom
The Cheetah Girls 2,Movie,Disney+,Family,2006,6.3,96.0,United States
비버리힐즈 치와와 2,Movie,Disney+,Comedy,2011,5.9,84.0,United States
컬리지 로드 트립,Movie,Disney+,Comedy,2008,5.5,83.0,United States
How to Build a Better Boy,Movie,Disney+,Family,2014,6.4,90.0,United States
형사 가제트 2,Movie,Disney+,Action,2003,4.2,89.0,Australia
피글렛 빅 무비,Movie,Disney+,Animation,2003,6.7,79.0,United States
"피니와 퍼브 무비: 캔디스, 우주에 맞서다",Movie,Disney+,Family,2020,7.2,86.0,United States
킷불,Movie,Disney+,Animation,2019,7.9,9.0,United States
티니: 더 무비,Movie,Disney+,Comedy,2016,7.3,95.0,Argentina
라푼젤: 끝나지 않은 이야기,Movie,Disney+,Adventure,2017,6.8,55.0,United States
곰돌이 푸: 크리스토퍼 로빈을 찾아서,Movie,Disney+,Animation,1997,7.1,76.0,United States
여러분의 친구 생쥐,Movie,Disney+,Animation,2007,6.8,11.0,United States
루키,Movie,Disney+,Family,1993,6.2,103.0,United States
나무 저 너머엔,Movie,Disney+,Animation,2021,8.1,7.0,United States
매기 심슨의 “어린이집 첫날”,Movie,Disney+,Animation,2012,6.9,5.0,United States
방학 대소동: 여름방학 구출작전,Movie,Disney+,Family,2001,6.6,82.0,United States
레고 스타워즈 홀리데이 스페셜,Movie,Disney+,Animation,2020,6.6,50.0,United States
매기 심슨의 “데스티니랑 노는 날”,Movie,Disney+,Animation,2020,7.4,4.0,United States
할로윈타운 2: 칼라바의 복수,Movie,Disney+,Adventure,2001,6.8,81.0,United States
코벤트리의 전설 2,Movie,Disney+,Drama,2007,6.7,83.0,United States
팀 토르: 파트 2,Movie,Disney+,Science Fiction,2017,6.9,5.0,United States
홈 포 크리스마스,Movie,Disney+,Comedy,1998,6.0,86.0,Canada
어스 어게인,Movie,Disney+,Animation,2021,7.8,7.0,United States
화성인 마틴,Movie,Disney+,Comedy,1999,5.7,94.0,United States
치타 걸스: 원 월드,Movie,Disney+,Family,2008,6.1,90.0,United States
오션스,Movie,Disney+,Documentary,2010,7.5,104.0,France
램프 라이프,Movie,Disney+,Adventure,2020,7.1,7.0,United States
늑대개 2,Movie,Disney+,Adventure,1994,6.7,108.0,United States
펄,Movie,Disney+,Animation,2019,6.7,9.0,United States
